{"stats":{"minecraft:broken":{"minecraft:stone_sword":1,"minecraft:iron_boots":1,"minecraft:iron_axe":1,"minecraft:iron_pickaxe":2,"minecraft:iron_helmet":1},"minecraft:crafted":{"minecraft:oak_planks":20,"minecraft:furnace":1,"minecraft:cooked_mutton":6,"minecraft:glass":3,"minecraft:spruce_stairs":16,"minecraft:diamond_helmet":1,"minecraft:iron_axe":1,"minecraft:stone_pickaxe":1,"minecraft:chest":1,"minecraft:diamond_boots":1,"minecraft:iron_door":3,"sophisticatedbackpacks:iron_backpack":1,"sophisticatedbackpacks:backpack":1,"minecraft:diamond_axe":1,"minecraft:crafting_table":2,"minecraft:spruce_planks":56,"minecraft:wooden_pickaxe":1,"minecraft:spruce_door":3,"tacz:gun_smith_table":1,"minecraft:copper_ingot":16,"sophisticatedbackpacks:gold_backpack":1,"minecraft:bucket":1,"minecraft:air":0,"securitycraft:door_indestructible_iron_item":2,"minecraft:diamond_pickaxe":1,"sophisticatedbackpacks:diamond_backpack":1,"minecraft:stick":44,"minecraft:iron_ingot":72,"minecraft:iron_pickaxe":2,"minecraft:wooden_axe":1,"minecraft:iron_block":3,"minecraft:gold_ingot":12,"minecraft:torch":104,"minecraft:shears":2,"minecraft:diamond_chestplate":1},"minecraft:used":{"minecraft:stone_sword":85,"minecraft:iron_shovel":53,"minecraft:diamond_hoe":12,"tacz:gun_smith_table":3,"minecraft:chest":13,"minecraft:spruce_planks":4,"securitycraft:keypad_door_item":2,"minecraft:rotten_flesh":3,"minecraft:torch":28,"minecraft:dirt":41,"minecraft:spruce_stairs":17,"minecraft:carrot":390,"minecraft:shulker_box":12,"minecraft:tuff":5,"minecraft:granite":3,"minecraft:glass":3,"minecraft:wooden_axe":2,"minecraft:iron_axe":156,"refurbished_furniture:oak_crate":7,"minecraft:golden_carrot":2,"minecraft:furnace":2,"alexsmobs:banana":4,"mcwdoors:metal_warning_door":3,"minecraft:cobbled_deepslate":36,"minecraft:cooked_mutton":2,"minecraft:water_bucket":240,"minecraft:diorite":24,"minecraft:spruce_door":7,"minecraft:stone_pickaxe":24,"minecraft:oak_planks":1,"minecraft:wooden_pickaxe":2,"minecraft:diamond_axe":81,"minecraft:golden_apple":1,"minecraft:crafting_table":5,"minecraft:spruce_log":4,"minecraft:shears":79,"alexsmobs:terrapin_bucket":2,"minecraft:diamond_pickaxe":348,"chipped:golden_cherry_jungle_leaves":1,"minecraft:bread":2,"minecraft:iron_pickaxe":622,"minecraft:gravel":1,"minecraft:stone_axe":37,"minecraft:cobblestone":33,"minecraft:purple_bed":3,"minecraft:andesite":2,"minecraft:bucket":243,"minecraft:gray_wool":41,"minecraft:cobweb":24},"minecraft:mined":{"minecraft:diamond_ore":1,"minecraft:tuff":16,"refurbished_furniture:oak_crate":7,"minecraft:deepslate_diamond_ore":38,"minecraft:sculk_vein":3,"minecraft:shulker_box":12,"minecraft:obsidian":6,"minecraft:glow_lichen":2,"minecraft:granite":4,"minecraft:grass_block":27,"minecraft:white_concrete":2,"minecraft:moss_block":3,"tacz:gun_smith_table":2,"minecraft:spawner":9,"minecraft:redstone_ore":12,"minecraft:furnace":1,"minecraft:iron_ore":57,"minecraft:cobbled_deepslate":4,"minecraft:andesite":10,"minecraft:pumpkin":7,"minecraft:deepslate_lapis_ore":11,"minecraft:sculk_shrieker":4,"minecraft:pointed_dripstone":1,"minecraft:deepslate_iron_ore":25,"minecraft:rail":4,"biomesoplenty:webbing":3,"mcwdoors:metal_warning_door":3,"biomesoplenty:spider_egg":1,"minecraft:stone":287,"minecraft:deepslate_redstone_ore":142,"minecraft:spruce_door":7,"minecraft:oak_fence":2,"minecraft:crafting_table":4,"minecraft:chest":14,"minecraft:sculk_sensor":5,"minecraft:copper_ore":14,"minecraft:tall_grass":3,"minecraft:cobblestone":15,"minecraft:lapis_ore":1,"minecraft:deepslate_gold_ore":32,"minecraft:oak_planks":1,"minecraft:sugar_cane":15,"minecraft:sculk":3,"minecraft:diorite":29,"minecraft:wall_torch":3,"minecraft:spruce_stairs":5,"minecraft:gray_wool":42,"minecraft:purple_bed":4,"minecraft:spruce_log":13,"minecraft:grass":11,"minecraft:oak_log":32,"minecraft:coal_ore":55,"biomesoplenty:fir_leaves":1,"minecraft:gravel":13,"minecraft:sand":6,"minecraft:dirt":29,"minecraft:cobweb":80,"chipped:golden_cherry_jungle_leaves":1,"minecraft:deepslate":146,"minecraft:oak_leaves":9,"minecraft:fern":1},"minecraft:killed_by":{"minecraft:player":8,"minecraft:enderman":1,"minecraft:warden":3,"alexsmobs:crocodile":1,"minecraft:skeleton":3,"minecraft:zombie":2,"alexsmobs:grizzly_bear":1},"minecraft:dropped":{"minecraft:stick":2,"tacz:modern_kinetic_gun":1,"minecraft:iron_shovel":2,"jdcoin:jd_coin":1088,"sophisticatedbackpacks:backpack":1,"minecraft:spider_eye":1,"tacz:ammo":541,"alexsmobs:banana":11},"minecraft:custom":{"minecraft:mob_kills":179,"minecraft:interact_with_crafting_table":37,"minecraft:open_barrel":20,"minecraft:open_shulker_box":12,"minecraft:leave_game":1,"minecraft:time_since_death":14547,"minecraft:climb_one_cm":1086,"minecraft:sprint_one_cm":1484900,"minecraft:walk_one_cm":743366,"minecraft:drop":46,"minecraft:damage_dealt_absorbed":120,"minecraft:talked_to_villager":1,"minecraft:play_time":400880,"minecraft:sneak_time":10877,"minecraft:deaths":19,"minecraft:walk_under_water_one_cm":81836,"minecraft:boat_one_cm":967618,"minecraft:jump":9289,"minecraft:walk_on_water_one_cm":139909,"minecraft:total_world_time":400880,"minecraft:interact_with_furnace":34,"minecraft:sleep_in_bed":3,"minecraft:time_since_rest":14565,"minecraft:damage_taken":10919,"minecraft:damage_absorbed":39,"minecraft:damage_dealt":16530,"minecraft:player_kills":3,"minecraft:swim_one_cm":205885,"minecraft:fly_one_cm":1947699,"minecraft:open_chest":92,"minecraft:crouch_one_cm":25840,"minecraft:fall_one_cm":264516},"minecraft:picked_up":{"minecraft:wooden_axe":1,"minecraft:crafting_table":5,"minecraft:chicken":1,"minecraft:wooden_pickaxe":1,"refurbished_furniture:oak_crate":7,"jdcoin:tarjeta_de_credito":2,"minecraft:string":53,"minecraft:moss_carpet":10,"minecraft:raw_copper":51,"tacz:ammo":586,"minecraft:cobbled_deepslate":94,"minecraft:beef":31,"minecraft:written_book":1,"alexsmobs:raccoon_tail":3,"minecraft:sugar_cane":66,"minecraft:chest":14,"minecraft:furnace":1,"minecraft:stick":4,"minecraft:raw_iron":73,"minecraft:torch":25,"minecraft:spruce_stairs":5,"sophisticatedbackpacks:backpack":2,"minecraft:porkchop":9,"tacz:attachment":2,"minecraft:pointed_dripstone":1,"minecraft:diorite":29,"minecraft:redstone":471,"mcwdoors:metal_warning_door":3,"alexsmobs:centipede_leg":2,"alexsmobs:crocodile_scute":4,"minecraft:rotten_flesh":28,"minecraft:arrow":31,"minecraft:obsidian":6,"minecraft:mutton":15,"securitycraft:keypad_door_item":2,"minecraft:rail":5,"minecraft:white_wool":9,"minecraft:cobblestone":420,"minecraft:air":0,"minecraft:feather":5,"minecraft:iron_door":1,"minecraft:glow_ink_sac":4,"minecraft:andesite":10,"minecraft:leather":16,"minecraft:potato":1,"minecraft:oak_log":31,"minecraft:flint":1,"minecraft:tuff":1,"minecraft:chainmail_chestplate":1,"minecraft:gunpowder":18,"minecraft:lapis_lazuli":107,"minecraft:dirt":57,"minecraft:white_banner":1,"minecraft:glass":3,"minecraft:bone":37,"minecraft:bow":1,"minecraft:wheat_seeds":3,"minecraft:raw_gold":22,"alexsmobs:cockroach_wing_fragment":1,"minecraft:iron_ingot":5,"minecraft:cobweb":52,"tacz:gun_smith_table":2,"minecraft:moss_block":6,"jdcoin:jd_coin":769,"minecraft:oak_planks":5,"minecraft:sculk_catalyst":2,"minecraft:pumpkin":14,"minecraft:dandelion":1,"minecraft:gravel":12,"minecraft:sand":6,"minecraft:ink_sac":1,"minecraft:spruce_log":13,"minecraft:lily_of_the_valley":1,"alexsmobs:animal_dictionary":1,"minecraft:spruce_door":7,"minecraft:spider_eye":4,"minecraft:shulker_box":13,"minecraft:purple_bed":4,"minecraft:diamond":22,"chipped:golden_cherry_jungle_leaves":1,"minecraft:granite":4,"minecraft:white_concrete":2,"minecraft:gray_wool":41,"minecraft:netherrack":1,"minecraft:black_wool":2,"minecraft:coal":89},"minecraft:killed":{"alexsmobs:hummingbird":3,"alexsmobs:lobster":4,"minecraft:cave_spider":12,"minecraft:witch":1,"alexsmobs:raccoon":3,"minecraft:spider":6,"alexsmobs:tasmanian_devil":5,"minecraft:cod":3,"alexsmobs:seagull":1,"minecraft:skeleton":21,"alexsmobs:underminer":3,"alexsmobs:centipede_head":3,"minecraft:drowned":1,"minecraft:wolf":2,"minecraft:pig":5,"alexsmobs:grizzly_bear":1,"minecraft:zombie_villager":2,"alexsmobs:skunk":1,"minecraft:salmon":2,"alexsmobs:seal":4,"minecraft:bat":1,"minecraft:iron_golem":1,"minecraft:squid":1,"minecraft:creeper":15,"minecraft:sheep":7,"minecraft:pillager":2,"minecraft:zombie":40,"alexsmobs:crocodile":2,"alexsmobs:cockroach":2,"alexsmobs:cachalot_whale":2,"alexsmobs:terrapin":1,"minecraft:enderman":2,"minecraft:cow":15}},"DataVersion":3465}