{"stats":{"minecraft:dropped":{"minecraft:diamond_axe":1,"minecraft:nether_star":2,"sophisticatedbackpacks:gold_backpack":1,"minecraft:sugar":75,"minecraft:gold_ingot":78,"minecraft:pointed_dripstone":1,"minecraft:rotten_flesh":10,"drugs:marihuana":4,"framedblocks:framed_slab":8,"alexsmobs:banana":258,"minecraft:netherrack":6,"minecraft:cobblestone":38,"minecraft:stick":2,"minecraft:ink_sac":3,"minecraft:pumpkin":7,"tacz:modern_kinetic_gun":1,"minecraft:iron_shovel":2,"jdcoin:jd_coin":1640,"minecraft:raw_copper":75,"sophisticatedbackpacks:backpack":1,"minecraft:spider_eye":1,"tacz:ammo":541,"sophisticatedbackpacks:copper_backpack":1},"minecraft:mined":{"minecraft:dark_oak_planks":1,"minecraft:large_amethyst_bud":1,"minecraft:sculk_vein":12,"minecraft:obsidian":13,"minecraft:spruce_trapdoor":3,"minecraft:cave_vines_plant":1,"minecraft:granite":4,"minecraft:grass_block":106,"minecraft:white_concrete":4,"tacz:gun_smith_table":2,"minecraft:nether_wart":20,"minecraft:spawner":10,"minecraft:weeping_vines_plant":2,"minecraft:raw_iron_block":2,"minecraft:iron_ore":75,"minecraft:cobbled_deepslate":5,"minecraft:fire":30,"biomesoplenty:violet":5,"minecraft:pumpkin":7,"minecraft:deepslate_lapis_ore":11,"minecraft:sculk_shrieker":6,"minecraft:pointed_dripstone":1,"minecraft:cave_vines":1,"biomesoplenty:webbing":3,"mcwdoors:metal_warning_door":3,"minecraft:deepslate_redstone_ore":196,"drugs:plantadecocaina":9,"minecraft:smoker":1,"minecraft:crimson_nylium":2,"minecraft:amethyst_cluster":2,"minecraft:torch":3,"minecraft:calcite":5,"minecraft:poppy":45,"minecraft:chest":14,"minecraft:wither_skeleton_wall_skull":3,"minecraft:cobblestone":30,"minecraft:sugar_cane":34,"minecraft:oak_planks":4,"minecraft:wall_torch":7,"minecraft:amethyst_block":11,"minecraft:deepslate_copper_ore":8,"biomesoplenty:maple_leaves":4,"minecraft:black_bed":1,"minecraft:grass":116,"minecraft:oak_log":33,"minecraft:sand":13,"minecraft:dirt":79,"minecraft:smooth_basalt":2,"chipped:golden_cherry_jungle_leaves":1,"minecraft:netherrack":178,"minecraft:oak_leaves":9,"minecraft:deepslate":179,"minecraft:diamond_ore":1,"minecraft:tuff":17,"refurbished_furniture:oak_crate":7,"minecraft:deepslate_diamond_ore":51,"minecraft:shulker_box":13,"minecraft:glow_lichen":2,"minecraft:nether_bricks":6,"minecraft:spruce_leaves":2,"minecraft:moss_block":3,"minecraft:redstone_ore":16,"minecraft:furnace":1,"minecraft:andesite":15,"minecraft:deepslate_iron_ore":40,"minecraft:vine":1,"minecraft:rail":4,"biomesoplenty:spider_egg":1,"minecraft:stone":478,"minecraft:spruce_door":7,"minecraft:dandelion":10,"minecraft:oak_fence":2,"minecraft:crafting_table":7,"minecraft:emerald_ore":4,"minecraft:sculk_sensor":5,"minecraft:tall_grass":39,"minecraft:copper_ore":66,"minecraft:lapis_ore":2,"minecraft:deepslate_gold_ore":55,"minecraft:sculk":3,"minecraft:diorite":31,"minecraft:spruce_stairs":5,"minecraft:gray_wool":121,"minecraft:purple_bed":4,"minecraft:spruce_log":13,"minecraft:coal_ore":65,"biomesoplenty:fir_leaves":1,"minecraft:gravel":13,"minecraft:cobweb":80,"minecraft:gold_ore":2,"drugs:mariguana":9,"minecraft:fern":1},"minecraft:crafted":{"minecraft:oak_planks":80,"minecraft:stone":11,"minecraft:diamond_shovel":1,"minecraft:cooked_mutton":6,"minecraft:glass":9,"minecraft:diamond_helmet":1,"minecraft:chest":8,"minecraft:iron_door":3,"alexsmobs:crocodile_chestplate":1,"sophisticatedbackpacks:backpack":1,"minecraft:diamond_axe":1,"minecraft:crafting_table":2,"minecraft:spruce_planks":56,"drugs:cocaina":1,"minecraft:wooden_pickaxe":1,"minecraft:spruce_door":3,"minecraft:copper_ingot":137,"minecraft:diamond_pickaxe":1,"sophisticatedbackpacks:diamond_backpack":1,"minecraft:stick":44,"minecraft:iron_ingot":109,"minecraft:iron_pickaxe":2,"minecraft:iron_block":4,"minecraft:gold_ingot":12,"minecraft:shears":3,"drugs:opiocaliente":1,"minecraft:raw_iron":18,"minecraft:iron_nugget":45,"minecraft:furnace":1,"minecraft:bone_meal":192,"minecraft:flint_and_steel":1,"minecraft:spruce_stairs":16,"minecraft:iron_axe":1,"minecraft:stone_pickaxe":1,"drugs:jeringa":1,"minecraft:diamond_boots":2,"alexsmobs:centipede_leggings":1,"drugs:opio":25,"sophisticatedbackpacks:iron_backpack":1,"minecraft:sugar":37,"tacz:gun_smith_table":1,"sophisticatedbackpacks:gold_backpack":1,"minecraft:bucket":1,"minecraft:air":0,"securitycraft:door_indestructible_iron_item":2,"drugs:heroinaenpolvo":5,"minecraft:wooden_axe":1,"minecraft:anvil":1,"minecraft:torch":104,"minecraft:diamond_chestplate":1,"drugs:jeringaconheroina":1},"minecraft:broken":{"minecraft:diamond_helmet":1,"minecraft:iron_boots":1,"minecraft:stone_sword":1,"minecraft:iron_axe":1,"minecraft:iron_pickaxe":2,"minecraft:iron_helmet":1},"minecraft:used":{"minecraft:iron_shovel":53,"minecraft:poppy":1,"minecraft:diamond_hoe":17,"minecraft:chest":21,"minecraft:stone":9,"minecraft:rotten_flesh":3,"securitycraft:keypad_item":1,"minecraft:nether_bricks":6,"minecraft:carrot":403,"minecraft:tuff":5,"minecraft:obsidian":12,"minecraft:glass":3,"minecraft:lava_bucket":5,"minecraft:grass_block":1,"drugs:cocaina":1,"refurbished_furniture:oak_crate":7,"minecraft:written_book":2,"minecraft:sweet_berries":6,"minecraft:furnace":2,"drugs:jeringaconheroina":1,"mcwdoors:metal_warning_door":3,"minecraft:diorite":25,"minecraft:spruce_door":7,"minecraft:wither_skeleton_skull":5,"securitycraft:door_indestructible_iron_item":2,"minecraft:oak_planks":6,"minecraft:stone_pickaxe":24,"minecraft:ender_pearl":2,"minecraft:wooden_pickaxe":2,"securitycraft:keypad_frame":1,"minecraft:diamond_axe":307,"minecraft:sugar_cane":30,"minecraft:golden_apple":1,"alexsmobs:crocodile_chestplate":1,"minecraft:shears":158,"alexsmobs:terrapin_bucket":4,"minecraft:bread":3,"minecraft:gravel":1,"framedblocks:framed_bars":2,"minecraft:andesite":8,"minecraft:white_concrete":2,"minecraft:bone_meal":65,"minecraft:cobweb":24,"jdcoin:espadon":147,"sophisticatedbackpacks:iron_backpack":1,"minecraft:stone_sword":85,"minecraft:flint_and_steel":2,"mcwdoors:metal_reinforced_door":1,"tacz:gun_smith_table":3,"minecraft:spruce_planks":4,"securitycraft:keypad_door_item":2,"minecraft:netherrack":107,"minecraft:torch":103,"minecraft:dirt":199,"minecraft:anvil":1,"drugs:heroinaenpolvo":3,"minecraft:spruce_stairs":17,"minecraft:shulker_box":13,"minecraft:granite":3,"biomesoplenty:black_sandstone":3,"minecraft:wooden_axe":2,"minecraft:iron_axe":156,"minecraft:diamond_chestplate":1,"minecraft:golden_carrot":2,"alexsmobs:lobster_bucket":1,"alexsmobs:banana":257,"minecraft:cooked_beef":6,"minecraft:cobbled_deepslate":36,"minecraft:cooked_mutton":2,"minecraft:water_bucket":368,"drugs:mariguana":4,"refurbished_furniture:toast":1,"drugs:plantadecocaina":3,"minecraft:crafting_table":8,"chipped:white_paper_lantern":1,"minecraft:spruce_log":4,"minecraft:oak_log":1,"minecraft:diamond_pickaxe":1033,"minecraft:diamond_shovel":123,"chipped:golden_cherry_jungle_leaves":1,"minecraft:iron_pickaxe":622,"minecraft:spruce_trapdoor":8,"minecraft:stone_axe":37,"minecraft:cobblestone":47,"minecraft:purple_bed":3,"minecraft:bucket":379,"alexsmobs:centipede_leggings":31,"minecraft:diamond_leggings":32,"minecraft:gray_wool":95},"minecraft:picked_up":{"minecraft:wooden_axe":1,"securitycraft:keypad_item":1,"drugs:marihuana":4,"minecraft:lead":15,"biomesoplenty:violet":15,"minecraft:raw_copper":108,"minecraft:string":60,"alexsmobs:blood_sac":7,"alexsmobs:banana":10,"minecraft:cobbled_deepslate":94,"minecraft:written_book":1,"alexsmobs:raccoon_tail":3,"minecraft:furnace":1,"minecraft:stick":4,"minecraft:torch":33,"minecraft:spruce_stairs":5,"minecraft:porkchop":12,"alexsmobs:hemolymph_sac":6,"tacz:attachment":2,"minecraft:pointed_dripstone":1,"minecraft:diorite":30,"mcwdoors:metal_warning_door":3,"alexsmobs:centipede_leg":5,"minecraft:rotten_flesh":47,"minecraft:blaze_rod":2,"minecraft:obsidian":6,"minecraft:cobblestone":615,"minecraft:feather":5,"minecraft:iron_door":1,"jdcoin:espadon":1,"minecraft:andesite":13,"minecraft:black_bed":1,"minecraft:potato":2,"minecraft:flint":1,"minecraft:tuff":1,"minecraft:wither_skeleton_skull":1,"minecraft:lapis_lazuli":114,"minecraft:dirt":183,"minecraft:glass":3,"minecraft:bone":54,"minecraft:bow":1,"minecraft:wheat_seeds":34,"minecraft:raw_gold":22,"tacz:gun_smith_table":2,"minecraft:moss_block":6,"jdcoin:jd_coin":1281,"minecraft:oak_planks":8,"alexsmobs:crocodile_egg":1,"minecraft:sand":12,"drugs:plantadecocaina":9,"sophisticatedbackpacks:iron_backpack":1,"minecraft:ink_sac":4,"minecraft:grass_block":1,"minecraft:lily_of_the_valley":1,"alexsmobs:animal_dictionary":1,"minecraft:shulker_box":14,"minecraft:diamond":22,"chipped:golden_cherry_jungle_leaves":1,"minecraft:granite":4,"minecraft:golden_apple":4,"minecraft:white_concrete":2,"framedblocks:framed_bars":2,"minecraft:netherrack":4,"minecraft:nether_star":1,"sophisticatedbackpacks:gold_backpack":1,"chipped:white_paper_lantern":7,"minecraft:crafting_table":7,"minecraft:chicken":1,"minecraft:wooden_pickaxe":1,"refurbished_furniture:oak_crate":7,"jdcoin:tarjeta_de_credito":2,"minecraft:moss_carpet":10,"tacz:ammo":1294,"securitycraft:keypad_frame":1,"minecraft:beef":31,"minecraft:poppy":52,"minecraft:sugar_cane":91,"minecraft:chest":14,"minecraft:spruce_trapdoor":8,"minecraft:raw_iron":73,"minecraft:copper_ingot":78,"sophisticatedbackpacks:backpack":2,"minecraft:redstone":497,"alexsmobs:crocodile_scute":8,"minecraft:arrow":44,"minecraft:weeping_vines":1,"minecraft:nether_bricks":5,"minecraft:gold_ingot":78,"sophisticatedbackpacks:copper_backpack":1,"minecraft:mutton":15,"securitycraft:keypad_door_item":2,"minecraft:white_wool":9,"minecraft:rail":5,"biomesoplenty:black_sandstone":3,"minecraft:air":0,"minecraft:glow_ink_sac":4,"minecraft:leather":16,"alexsmobs:cachalot_whale_tooth":2,"minecraft:oak_log":32,"minecraft:chainmail_chestplate":1,"framedblocks:framed_slab":4,"minecraft:gunpowder":28,"minecraft:white_banner":1,"alexsmobs:cockroach_wing_fragment":1,"minecraft:iron_ingot":5,"minecraft:cobweb":52,"minecraft:polished_andesite_slab":1,"minecraft:sculk_catalyst":2,"minecraft:pumpkin":14,"minecraft:sweet_berries":6,"minecraft:dandelion":17,"minecraft:gravel":12,"minecraft:spruce_log":13,"minecraft:spruce_door":7,"minecraft:spider_eye":9,"alexsmobs:raw_catfish":2,"minecraft:purple_bed":4,"tacz:modern_kinetic_gun":1,"drugs:mariguana":9,"minecraft:gray_wool":41,"minecraft:black_wool":2,"minecraft:coal":99,"minecraft:ender_pearl":1},"minecraft:killed_by":{"minecraft:wither_skeleton":1,"alexsmobs:crocodile":1,"minecraft:blaze":2,"minecraft:zombie":3,"alexsmobs:grizzly_bear":1,"minecraft:player":14,"minecraft:enderman":1,"minecraft:warden":3,"minecraft:skeleton":3,"alexsmobs:crimson_mosquito":1},"minecraft:killed":{"alexsmobs:hummingbird":3,"minecraft:cave_spider":15,"alexsmobs:lobster":4,"minecraft:zombified_piglin":12,"minecraft:witch":1,"minecraft:spider":31,"minecraft:cod":3,"minecraft:skeleton":54,"alexsmobs:warped_mosco":5,"alexsmobs:centipede_head":7,"minecraft:wolf":2,"minecraft:magma_cube":11,"minecraft:piglin":5,"minecraft:pig":5,"alexsmobs:grizzly_bear":8,"minecraft:zombie_villager":2,"minecraft:salmon":2,"alexsmobs:seal":4,"minecraft:iron_golem":1,"alexsmobs:stradpole":1,"minecraft:strider":1,"minecraft:creeper":50,"alexsmobs:crimson_mosquito":28,"minecraft:sheep":7,"minecraft:pillager":2,"minecraft:zombie":93,"minecraft:donkey":1,"alexsmobs:cachalot_whale":3,"alexsmobs:terrapin":1,"minecraft:cow":15,"minecraft:blaze":29,"alexsmobs:raccoon":5,"alexsmobs:tasmanian_devil":6,"alexsmobs:seagull":3,"minecraft:phantom":1,"minecraft:drowned":2,"alexsmobs:bison":5,"alexsmobs:underminer":3,"alexsmobs:skunk":1,"minecraft:bat":1,"minecraft:hoglin":6,"minecraft:squid":1,"alexsmobs:crocodile":6,"alexsmobs:cockroach":2,"minecraft:wither_skeleton":49,"minecraft:enderman":5},"minecraft:custom":{"minecraft:animals_bred":14,"minecraft:interact_with_crafting_table":63,"minecraft:open_barrel":20,"minecraft:open_shulker_box":13,"minecraft:leave_game":7,"minecraft:time_since_death":34186,"minecraft:sprint_one_cm":2798398,"minecraft:drop":422,"minecraft:talked_to_villager":2,"minecraft:play_time":881349,"minecraft:deaths":41,"minecraft:jump":19718,"minecraft:walk_on_water_one_cm":203603,"minecraft:interact_with_furnace":68,"minecraft:sleep_in_bed":5,"minecraft:damage_dealt":43183,"minecraft:player_kills":9,"minecraft:crouch_one_cm":50728,"minecraft:mob_kills":515,"minecraft:interact_with_anvil":5,"minecraft:climb_one_cm":2247,"minecraft:walk_one_cm":1930895,"minecraft:damage_dealt_absorbed":279,"minecraft:sneak_time":19793,"minecraft:walk_under_water_one_cm":120918,"minecraft:boat_one_cm":967618,"minecraft:total_world_time":881349,"minecraft:time_since_rest":34218,"minecraft:damage_taken":22048,"minecraft:damage_absorbed":39,"minecraft:swim_one_cm":273721,"minecraft:fly_one_cm":4474634,"minecraft:open_chest":222,"minecraft:fall_one_cm":521119}},"DataVersion":3465}