{"stats":{"minecraft:custom":{"minecraft:animals_bred":12,"minecraft:interact_with_crafting_table":43,"minecraft:open_barrel":20,"minecraft:open_shulker_box":13,"minecraft:leave_game":2,"minecraft:time_since_death":3085,"minecraft:sprint_one_cm":2347600,"minecraft:drop":354,"minecraft:talked_to_villager":2,"minecraft:play_time":699960,"minecraft:deaths":34,"minecraft:jump":16205,"minecraft:walk_on_water_one_cm":163759,"minecraft:interact_with_furnace":53,"minecraft:sleep_in_bed":5,"minecraft:damage_dealt":34200,"minecraft:player_kills":8,"minecraft:crouch_one_cm":36771,"minecraft:mob_kills":447,"minecraft:interact_with_anvil":4,"minecraft:climb_one_cm":2219,"minecraft:walk_one_cm":1487284,"minecraft:damage_dealt_absorbed":239,"minecraft:sneak_time":14492,"minecraft:walk_under_water_one_cm":100626,"minecraft:boat_one_cm":967618,"minecraft:total_world_time":699960,"minecraft:time_since_rest":3111,"minecraft:damage_taken":18947,"minecraft:damage_absorbed":39,"minecraft:swim_one_cm":252101,"minecraft:fly_one_cm":3679681,"minecraft:open_chest":165,"minecraft:fall_one_cm":423670},"minecraft:dropped":{"minecraft:diamond_axe":1,"minecraft:nether_star":2,"sophisticatedbackpacks:gold_backpack":1,"minecraft:sugar":75,"minecraft:gold_ingot":78,"minecraft:pointed_dripstone":1,"minecraft:rotten_flesh":10,"framedblocks:framed_slab":8,"alexsmobs:banana":203,"minecraft:netherrack":6,"minecraft:cobblestone":36,"minecraft:stick":2,"minecraft:ink_sac":3,"minecraft:pumpkin":7,"tacz:modern_kinetic_gun":1,"minecraft:iron_shovel":2,"jdcoin:jd_coin":1625,"minecraft:raw_copper":75,"sophisticatedbackpacks:backpack":1,"minecraft:spider_eye":1,"tacz:ammo":541,"sophisticatedbackpacks:copper_backpack":1},"minecraft:mined":{"minecraft:dark_oak_planks":1,"minecraft:large_amethyst_bud":1,"minecraft:sculk_vein":3,"minecraft:obsidian":7,"minecraft:spruce_trapdoor":1,"minecraft:cave_vines_plant":1,"minecraft:granite":4,"minecraft:grass_block":28,"minecraft:white_concrete":4,"tacz:gun_smith_table":2,"minecraft:nether_wart":20,"minecraft:spawner":10,"minecraft:weeping_vines_plant":1,"minecraft:raw_iron_block":2,"minecraft:iron_ore":66,"minecraft:cobbled_deepslate":5,"minecraft:fire":29,"minecraft:pumpkin":7,"minecraft:deepslate_lapis_ore":11,"minecraft:sculk_shrieker":4,"minecraft:pointed_dripstone":1,"biomesoplenty:webbing":3,"mcwdoors:metal_warning_door":3,"minecraft:deepslate_redstone_ore":157,"minecraft:smoker":1,"minecraft:crimson_nylium":2,"minecraft:amethyst_cluster":2,"minecraft:calcite":5,"minecraft:chest":14,"minecraft:wither_skeleton_wall_skull":2,"minecraft:cobblestone":16,"minecraft:sugar_cane":18,"minecraft:oak_planks":4,"minecraft:wall_torch":4,"minecraft:amethyst_block":11,"minecraft:deepslate_copper_ore":8,"biomesoplenty:maple_leaves":4,"minecraft:black_bed":1,"minecraft:grass":14,"minecraft:oak_log":33,"minecraft:sand":7,"minecraft:dirt":29,"minecraft:smooth_basalt":2,"chipped:golden_cherry_jungle_leaves":1,"minecraft:netherrack":178,"minecraft:oak_leaves":9,"minecraft:deepslate":156,"minecraft:diamond_ore":1,"minecraft:tuff":17,"refurbished_furniture:oak_crate":7,"minecraft:deepslate_diamond_ore":43,"minecraft:shulker_box":13,"minecraft:glow_lichen":2,"minecraft:nether_bricks":6,"minecraft:moss_block":3,"minecraft:redstone_ore":16,"minecraft:furnace":1,"minecraft:andesite":10,"minecraft:deepslate_iron_ore":33,"minecraft:vine":1,"minecraft:rail":4,"biomesoplenty:spider_egg":1,"minecraft:stone":292,"minecraft:spruce_door":7,"minecraft:oak_fence":2,"minecraft:crafting_table":5,"minecraft:emerald_ore":4,"minecraft:sculk_sensor":5,"minecraft:tall_grass":3,"minecraft:copper_ore":55,"minecraft:lapis_ore":1,"minecraft:deepslate_gold_ore":36,"minecraft:sculk":3,"minecraft:diorite":30,"minecraft:spruce_stairs":5,"minecraft:gray_wool":42,"minecraft:purple_bed":4,"minecraft:spruce_log":13,"minecraft:coal_ore":56,"biomesoplenty:fir_leaves":1,"minecraft:gravel":13,"minecraft:cobweb":80,"minecraft:gold_ore":2,"minecraft:fern":1},"minecraft:crafted":{"minecraft:oak_planks":24,"minecraft:cooked_mutton":6,"minecraft:glass":3,"minecraft:diamond_helmet":1,"minecraft:chest":1,"minecraft:iron_door":3,"alexsmobs:crocodile_chestplate":1,"sophisticatedbackpacks:backpack":1,"minecraft:diamond_axe":1,"minecraft:crafting_table":2,"minecraft:spruce_planks":56,"minecraft:wooden_pickaxe":1,"minecraft:spruce_door":3,"minecraft:copper_ingot":115,"minecraft:diamond_pickaxe":1,"sophisticatedbackpacks:diamond_backpack":1,"minecraft:stick":44,"minecraft:iron_ingot":108,"minecraft:iron_pickaxe":2,"minecraft:iron_block":4,"minecraft:gold_ingot":12,"minecraft:shears":2,"minecraft:raw_iron":18,"minecraft:iron_nugget":45,"minecraft:furnace":1,"minecraft:flint_and_steel":1,"minecraft:spruce_stairs":16,"minecraft:iron_axe":1,"minecraft:stone_pickaxe":1,"minecraft:diamond_boots":1,"sophisticatedbackpacks:iron_backpack":1,"minecraft:sugar":37,"tacz:gun_smith_table":1,"sophisticatedbackpacks:gold_backpack":1,"minecraft:bucket":1,"minecraft:air":0,"securitycraft:door_indestructible_iron_item":2,"minecraft:wooden_axe":1,"minecraft:anvil":1,"minecraft:torch":104,"minecraft:diamond_chestplate":1},"minecraft:killed":{"alexsmobs:hummingbird":3,"minecraft:cave_spider":12,"alexsmobs:lobster":4,"minecraft:zombified_piglin":12,"minecraft:witch":1,"minecraft:spider":21,"minecraft:cod":3,"minecraft:skeleton":45,"alexsmobs:warped_mosco":5,"alexsmobs:centipede_head":7,"minecraft:magma_cube":11,"minecraft:wolf":2,"minecraft:piglin":3,"minecraft:pig":5,"alexsmobs:grizzly_bear":7,"minecraft:zombie_villager":2,"minecraft:salmon":2,"alexsmobs:seal":4,"minecraft:iron_golem":1,"alexsmobs:stradpole":1,"minecraft:strider":1,"minecraft:creeper":35,"alexsmobs:crimson_mosquito":25,"minecraft:sheep":7,"minecraft:pillager":2,"minecraft:donkey":1,"minecraft:zombie":77,"alexsmobs:cachalot_whale":3,"alexsmobs:terrapin":1,"minecraft:cow":15,"minecraft:blaze":28,"alexsmobs:raccoon":5,"alexsmobs:tasmanian_devil":6,"alexsmobs:seagull":3,"minecraft:phantom":1,"alexsmobs:bison":5,"minecraft:drowned":1,"alexsmobs:underminer":3,"alexsmobs:skunk":1,"minecraft:bat":1,"minecraft:hoglin":6,"minecraft:squid":1,"alexsmobs:cockroach":2,"alexsmobs:crocodile":6,"minecraft:wither_skeleton":45,"minecraft:enderman":4},"minecraft:broken":{"minecraft:diamond_helmet":1,"minecraft:iron_boots":1,"minecraft:stone_sword":1,"minecraft:iron_axe":1,"minecraft:iron_pickaxe":2,"minecraft:iron_helmet":1},"minecraft:used":{"minecraft:iron_shovel":53,"minecraft:diamond_hoe":14,"minecraft:chest":13,"minecraft:rotten_flesh":3,"securitycraft:keypad_item":1,"minecraft:carrot":402,"minecraft:tuff":5,"minecraft:obsidian":12,"minecraft:glass":3,"minecraft:lava_bucket":5,"refurbished_furniture:oak_crate":7,"minecraft:written_book":2,"minecraft:furnace":2,"mcwdoors:metal_warning_door":3,"minecraft:diorite":25,"minecraft:spruce_door":7,"minecraft:wither_skeleton_skull":5,"securitycraft:door_indestructible_iron_item":2,"minecraft:stone_pickaxe":24,"minecraft:oak_planks":6,"minecraft:wooden_pickaxe":2,"securitycraft:keypad_frame":1,"minecraft:diamond_axe":304,"minecraft:golden_apple":1,"minecraft:shears":79,"alexsmobs:terrapin_bucket":4,"minecraft:bread":3,"minecraft:gravel":1,"framedblocks:framed_bars":2,"minecraft:andesite":2,"minecraft:white_concrete":2,"minecraft:cobweb":24,"jdcoin:espadon":64,"sophisticatedbackpacks:iron_backpack":1,"minecraft:stone_sword":85,"minecraft:flint_and_steel":1,"mcwdoors:metal_reinforced_door":1,"tacz:gun_smith_table":3,"minecraft:spruce_planks":4,"securitycraft:keypad_door_item":2,"minecraft:netherrack":107,"minecraft:torch":31,"minecraft:dirt":50,"minecraft:anvil":1,"minecraft:spruce_stairs":17,"minecraft:shulker_box":13,"minecraft:granite":3,"biomesoplenty:black_sandstone":3,"minecraft:wooden_axe":2,"minecraft:iron_axe":156,"minecraft:golden_carrot":2,"alexsmobs:lobster_bucket":1,"alexsmobs:banana":178,"minecraft:cooked_beef":6,"minecraft:cobbled_deepslate":36,"minecraft:cooked_mutton":2,"minecraft:water_bucket":298,"refurbished_furniture:toast":1,"minecraft:crafting_table":6,"chipped:white_paper_lantern":1,"minecraft:spruce_log":4,"minecraft:oak_log":1,"minecraft:diamond_pickaxe":688,"chipped:golden_cherry_jungle_leaves":1,"minecraft:iron_pickaxe":622,"minecraft:spruce_trapdoor":3,"minecraft:stone_axe":37,"minecraft:cobblestone":33,"minecraft:purple_bed":3,"minecraft:bucket":309,"minecraft:gray_wool":41},"minecraft:killed_by":{"minecraft:wither_skeleton":1,"alexsmobs:crocodile":1,"minecraft:blaze":1,"minecraft:zombie":3,"alexsmobs:grizzly_bear":1,"minecraft:player":13,"minecraft:enderman":1,"minecraft:warden":3,"minecraft:skeleton":3,"alexsmobs:crimson_mosquito":1},"minecraft:picked_up":{"minecraft:wooden_axe":1,"securitycraft:keypad_item":1,"minecraft:lead":2,"minecraft:string":56,"minecraft:raw_copper":104,"alexsmobs:blood_sac":5,"alexsmobs:banana":9,"minecraft:cobbled_deepslate":94,"minecraft:written_book":1,"alexsmobs:raccoon_tail":3,"minecraft:furnace":1,"minecraft:stick":4,"minecraft:torch":28,"minecraft:spruce_stairs":5,"minecraft:porkchop":12,"alexsmobs:hemolymph_sac":6,"tacz:attachment":2,"minecraft:pointed_dripstone":1,"minecraft:diorite":30,"mcwdoors:metal_warning_door":3,"alexsmobs:centipede_leg":5,"minecraft:rotten_flesh":38,"minecraft:blaze_rod":2,"minecraft:obsidian":6,"minecraft:cobblestone":449,"minecraft:feather":5,"minecraft:iron_door":1,"jdcoin:espadon":1,"minecraft:andesite":10,"minecraft:black_bed":1,"minecraft:potato":2,"minecraft:flint":1,"minecraft:tuff":1,"minecraft:lapis_lazuli":107,"minecraft:dirt":83,"minecraft:glass":3,"minecraft:bone":43,"minecraft:bow":1,"minecraft:wheat_seeds":3,"minecraft:raw_gold":22,"tacz:gun_smith_table":2,"minecraft:moss_block":6,"jdcoin:jd_coin":1089,"minecraft:oak_planks":8,"alexsmobs:crocodile_egg":1,"minecraft:sand":6,"sophisticatedbackpacks:iron_backpack":1,"minecraft:ink_sac":4,"minecraft:lily_of_the_valley":1,"alexsmobs:animal_dictionary":1,"minecraft:shulker_box":14,"minecraft:diamond":22,"chipped:golden_cherry_jungle_leaves":1,"minecraft:granite":4,"minecraft:golden_apple":4,"minecraft:white_concrete":2,"framedblocks:framed_bars":2,"minecraft:netherrack":4,"minecraft:nether_star":1,"sophisticatedbackpacks:gold_backpack":1,"chipped:white_paper_lantern":7,"minecraft:crafting_table":5,"minecraft:chicken":1,"minecraft:wooden_pickaxe":1,"refurbished_furniture:oak_crate":7,"jdcoin:tarjeta_de_credito":2,"minecraft:moss_carpet":10,"tacz:ammo":1204,"securitycraft:keypad_frame":1,"minecraft:beef":31,"minecraft:sugar_cane":66,"minecraft:chest":14,"minecraft:spruce_trapdoor":6,"minecraft:raw_iron":73,"minecraft:copper_ingot":78,"sophisticatedbackpacks:backpack":2,"minecraft:redstone":497,"alexsmobs:crocodile_scute":8,"minecraft:arrow":40,"minecraft:nether_bricks":5,"minecraft:gold_ingot":78,"sophisticatedbackpacks:copper_backpack":1,"minecraft:mutton":15,"securitycraft:keypad_door_item":2,"minecraft:white_wool":9,"minecraft:rail":5,"biomesoplenty:black_sandstone":3,"minecraft:air":0,"minecraft:glow_ink_sac":4,"minecraft:leather":16,"alexsmobs:cachalot_whale_tooth":1,"minecraft:oak_log":32,"minecraft:chainmail_chestplate":1,"framedblocks:framed_slab":4,"minecraft:gunpowder":21,"minecraft:white_banner":1,"alexsmobs:cockroach_wing_fragment":1,"minecraft:iron_ingot":5,"minecraft:cobweb":52,"minecraft:polished_andesite_slab":1,"minecraft:sculk_catalyst":2,"minecraft:pumpkin":14,"minecraft:dandelion":1,"minecraft:gravel":12,"minecraft:spruce_log":13,"minecraft:spruce_door":7,"minecraft:spider_eye":5,"alexsmobs:raw_catfish":2,"minecraft:purple_bed":4,"tacz:modern_kinetic_gun":1,"minecraft:gray_wool":41,"minecraft:black_wool":2,"minecraft:coal":90}},"DataVersion":3465}