{"stats":{"minecraft:custom":{"minecraft:interact_with_crafting_table":3,"minecraft:open_shulker_box":79,"minecraft:leave_game":11,"minecraft:time_since_death":68132,"minecraft:sprint_one_cm":792092,"minecraft:drop":507,"minecraft:play_time":1624597,"minecraft:deaths":4,"minecraft:jump":3817,"minecraft:walk_on_water_one_cm":41360,"minecraft:interact_with_furnace":1,"minecraft:sleep_in_bed":3,"minecraft:damage_dealt":4805,"minecraft:player_kills":36,"minecraft:crouch_one_cm":12917,"minecraft:interact_with_smithing_table":1,"minecraft:mob_kills":110,"minecraft:interact_with_anvil":10,"minecraft:walk_one_cm":1849399,"minecraft:damage_dealt_absorbed":80,"minecraft:strider_one_cm":78,"minecraft:sneak_time":32809,"minecraft:walk_under_water_one_cm":41473,"minecraft:boat_one_cm":160511,"minecraft:total_world_time":1624597,"minecraft:time_since_rest":68156,"minecraft:damage_taken":260,"minecraft:fly_one_cm":16698673,"minecraft:open_chest":75,"minecraft:fall_one_cm":3860},"minecraft:mined":{"minecraft:grass":35,"minecraft:spruce_leaves":1,"minecraft:large_fern":20,"biomesoplenty:sprout":10,"minecraft:coal_ore":3,"minecraft:fern":28},"minecraft:dropped":{"sophisticatedbackpacks:iron_backpack":2,"sophisticatedbackpacks:stack_upgrade_tier_3":1,"minecraft:diamond":39,"minecraft:lime_shulker_box":2,"minecraft:warped_fungus_on_a_stick":1,"minecraft:saddle":1,"minecraft:carrot_on_a_stick":1,"minecraft:raw_gold_block":2,"jdcoin:reliquia_de_jd_coin":760,"securitycraft:keypad_frame":1,"jdcoin:tarjeta_de_credito":8,"refurbished_furniture:warped_desk":1,"minecraft:writable_book":2,"minecraft:cauldron":1,"minecraft:oak_planks":6,"jdcoin:espadon":2,"alexsmobs:emu_egg":1,"sophisticatedbackpacks:diamond_backpack":1,"securitycraft:keypad_item":1,"minecraft:strider_spawn_egg":1,"alexsmobs:banana":7,"alexsmobs:mosquito_proboscis":1,"tacz:attachment":2,"minecraft:enchanted_book":12,"minecraft:iron_ingot":4,"minecraft:bread":11,"minecraft:wheat_seeds":8,"minecraft:golden_helmet":1,"minecraft:diamond_leggings":1,"biomesoplenty:chiseled_brimstone_bricks":1,"minecraft:lead":2,"minecraft:lava_bucket":1,"immersive_aircraft:heavy_crossbow":1,"minecraft:light_blue_stained_glass":192,"minecraft:torch":148,"minecraft:diamond_helmet":1,"sophisticatedbackpacks:advanced_tool_swapper_upgrade":1,"tacz:modern_kinetic_gun":18,"minecraft:iron_axe":2,"jdcoin:jd_coin":2466,"minecraft:oak_trapdoor":1,"jdcoin:vip":3,"minecraft:raw_iron":49,"securitycraft:keypad_door_item":11,"jdcoin:donmartillo_block":1,"minecraft:oak_sign":2,"minecraft:shulker_box":1,"minecraft:diamond_chestplate":1,"sophisticatedbackpacks:advanced_feeding_upgrade":1,"minecraft:purple_bed":1,"tacz:ammo":541,"minecraft:diamond_boots":2,"minecraft:raw_gold":69,"minecraft:light_blue_shulker_box":1},"minecraft:killed":{"minecraft:zombified_piglin":1,"minecraft:spider":5,"alexsmobs:shoebill":1,"minecraft:skeleton":10,"alexsmobs:orca":1,"alexsmobs:banana_slug":1,"alexsmobs:centipede_head":1,"minecraft:pig":5,"alexsmobs:seal":1,"minecraft:strider":1,"minecraft:creeper":16,"alexsmobs:crimson_mosquito":2,"minecraft:sheep":2,"minecraft:trader_llama":1,"minecraft:zombie":13,"alexsmobs:roadrunner":1,"minecraft:blaze":2,"minecraft:cow":22,"alexsmobs:seagull":1,"minecraft:phantom":2,"alexsmobs:comb_jelly":1,"minecraft:drowned":1,"minecraft:snow_golem":4,"minecraft:warden":1,"minecraft:wandering_trader":1,"alexsmobs:catfish":1,"alexsmobs:cockroach":2,"alexsmobs:caiman":1,"minecraft:wither_skeleton":7,"minecraft:enderman":1},"minecraft:used":{"minecraft:moss_block":4,"minecraft:moss_carpet":20,"chisel_chipped_integration:laboratory_dark_medium_tiles":53,"minecraft:writable_book":3,"chipped:big_soul_lantern":5,"alexsmobs:spawn_egg_banana_slug":1,"minecraft:spruce_slab":35,"biomesoplenty:brimstone_cluster":13,"chipped:eroded_blue_ice":10,"minecraft:oak_sign":6,"biomesoplenty:mahogany_leaves":1,"minecraft:chest":1,"minecraft:stone":213,"minecraft:zombie_spawn_egg":1,"biomesoplenty:white_sand":85,"chipped:blue_tube_soul_lantern":1,"chipped:wide_soul_lantern":2,"chipped:donut_soul_lantern":6,"mcwdoors:garage_white_door":10,"jdcoin:don_martilloo_spawn_egg":1,"minecraft:nether_bricks":48,"minecraft:deepslate_brick_slab":262,"chipped:curly_blue_ice_pillar":64,"chipped:apple_dark_oak_leaves":14,"biomesoplenty:chiseled_brimstone_bricks":760,"minecraft:obsidian":1,"minecraft:warden_spawn_egg":1,"minecraft:glass":71,"minecraft:packed_ice":15,"automobility:steep_slope":6,"minecraft:honeycomb":8,"alexsmobs:spawn_egg_platypus":2,"minecraft:lava_bucket":10,"biomesoplenty:palm_trapdoor":90,"automobility:dash_panel":61,"minecraft:coal_ore":4,"minecraft:lime_banner":1,"minecraft:villager_spawn_egg":1,"alexsmobs:spawn_egg_gorilla":2,"minecraft:grass_block":330,"minecraft:polished_andesite_stairs":1,"cfm:stripped_oak_chair":16,"minecraft:netherite_hoe":1,"chipped:big_lantern":4,"alexsmobs:spawn_egg_cachalot_whale":1,"minecraft:stone_bricks":45,"framedblocks:framed_pressure_plate":1,"alexsmobs:spawn_egg_emu":1,"chipped:tiny_layered_calcite_slabs":9,"chipped:iron_bowl_soul_lantern":1,"minecraft:gray_bed":1,"chipped:crimson_redstone_torch":2,"minecraft:gold_block":39,"immersive_aircraft:biplane":1,"minecraft:pearlescent_froglight":3,"minecraft:dark_oak_stairs":2,"minecraft:cow_spawn_egg":13,"minecraft:warped_fungus_on_a_stick":7,"cfm:oak_park_bench":139,"minecraft:gray_carpet":133,"framedblocks:framed_door":4,"minecraft:oak_planks":31,"framedblocks:framed_corner_slope":2,"biomesoplenty:flowering_oak_sapling":1,"framedblocks:framed_wall":6,"minecraft:oak_leaves":33,"minecraft:white_wool":23,"minecraft:sand":20,"minecraft:light_blue_concrete":5,"minecraft:black_banner":27,"chipped:tall_lantern":21,"minecraft:yellow_concrete":390,"framedblocks:framed_centered_panel":2,"minecraft:stone_brick_wall":84,"minecraft:gray_concrete":138,"framedblocks:framed_slope_panel":1,"mcwdoors:garage_black_door":9,"minecraft:lever":7,"jdcoin:donmartillo_block":18,"minecraft:black_concrete":354,"mcwdoors:birch_bark_glass_door":2,"minecraft:firework_rocket":53,"minecraft:stripped_bamboo_block":54,"framedblocks:framed_wall_board":140,"alexsmobs:spawn_egg_alligator_snapping_turtle":1,"minecraft:barrier":47,"minecraft:verdant_froglight":3,"minecraft:iron_door":9,"minecraft:deepslate":14,"minecraft:polished_andesite_slab":770,"biomesoplenty:dried_salt":33,"alexsmobs:spawn_egg_caiman":1,"framedblocks:framed_bars":436,"chisel_chipped_integration:metal_platinum_thermal":2,"chisel_chipped_integration:laboratory_medium_tiles":9,"minecraft:andesite":563,"refurbished_furniture:blue_trampoline":10,"minecraft:smooth_stone_slab":43,"chisel_chipped_integration:wool_llama_light_blue":2,"minecraft:white_concrete":832,"minecraft:bone_meal":1018,"minecraft:oak_fence":50,"minecraft:oak_trapdoor":163,"minecraft:netherite_sword":31,"jdcoin:espadon":16,"minecraft:iron_bars":24,"biomesoplenty:brimstone":135,"minecraft:flint_and_steel":2,"minecraft:carved_pumpkin":4,"framedblocks:framed_slab":1035,"mcwdoors:metal_reinforced_door":5,"smallships:dark_oak_brigg":2,"framedblocks:framed_stairs":25,"tacz:gun_smith_table":1,"minecraft:spruce_planks":34,"minecraft:sculk":82,"securitycraft:keypad_door_item":4,"biomesoplenty:mossy_black_sand":58,"alexsmobs:spawn_egg_cockroach":2,"minecraft:orange_bed":1,"minecraft:torch":98,"minecraft:dirt":4,"minecraft:anvil":8,"alexsmobs:spawn_egg_flying_fish":2,"minecraft:cobblestone_wall":5,"minecraft:stone_stairs":16,"minecraft:shulker_box":1,"minecraft:spruce_fence":12,"biomesoplenty:jacaranda_slab":160,"minecraft:oak_fence_gate":4,"minecraft:polished_diorite":4,"biomesoplenty:black_sandstone":563,"biomesoplenty:magic_trapdoor":4,"biomesoplenty:brimstone_bud":1,"minecraft:andesite_wall":37,"minecraft:stone_brick_slab":16,"minecraft:dark_oak_planks":6,"minecraft:wooden_axe":5,"refurbished_furniture:black_stool":2,"minecraft:iron_block":347,"mcwdoors:dark_oak_western_door":1,"minecraft:spawner":3,"chipped:donut_lantern":1,"biomesoplenty:smooth_white_sandstone":7,"chipped:blue_ice_pillar":20,"minecraft:yellow_concrete_powder":25,"mcwdoors:oak_stable_door":1,"chipped:dark_blue_paper_lantern":3,"minecraft:glowstone":330,"minecraft:lime_concrete":273,"minecraft:tall_grass":11,"minecraft:lime_stained_glass":2,"minecraft:podzol":17,"alexsmobs:spawn_egg_shoebill":1,"alexsmobs:spawn_egg_roadrunner":1,"minecraft:water_bucket":153,"chipped:secret_bamboo_door":1,"chisel_chipped_integration:metal_iron_thermal":7,"minecraft:snow_block":17,"framedblocks:framed_inner_corner_slope":5,"minecraft:birch_planks":7,"framedblocks:framed_slope":353,"minecraft:polished_andesite":170,"biomesoplenty:palm_leaves":1237,"minecraft:cartography_table":1,"minecraft:andesite_slab":54,"minecraft:copper_block":5,"alexsmobs:spawn_egg_comb_jelly":1,"framedblocks:framed_floor_board":360,"minecraft:cauldron":3,"securitycraft:scanner_door_item":1,"refurbished_furniture:black_toilet":2,"minecraft:glow_item_frame":2,"minecraft:diamond_block":25,"chipped:tall_soul_lantern":2,"minecraft:oak_slab":44,"minecraft:strider_spawn_egg":1,"alexsmobs:spawn_egg_crocodile":1,"minecraft:bamboo_block":113,"chipped:white_paper_lantern":1,"refurbished_furniture:black_sofa":10,"minecraft:lime_shulker_box":2,"chipped:blue_ice_bricks":80,"minecraft:spruce_log":30,"alexsmobs:spawn_egg_lobster":4,"minecraft:oak_log":116,"refurbished_furniture:dark_electricity_generator":1,"minecraft:netherite_block":5,"minecraft:diamond_pickaxe":7,"minecraft:black_wool":27,"chipped:golden_cherry_jungle_leaves":43,"framedblocks:framed_threeway_corner":1,"man_of_many_planes:scarlet_biplane":4,"biomesoplenty:smooth_black_sandstone":1,"chipped:tiled_bordered_calcite":1,"minecraft:pig_spawn_egg":13,"chipped:square_cyan_stained_glass":8,"minecraft:netherite_axe":2,"minecraft:spruce_trapdoor":614,"framedblocks:framed_gate":1,"securitycraft:bucket_f_water":1,"minecraft:chiseled_stone_bricks":29,"minecraft:cobblestone":687,"cfm:spruce_park_bench":8,"minecraft:purple_bed":1,"minecraft:white_banner":27,"securitycraft:admin_tool":1,"alexsmobs:animal_dictionary":1,"minecraft:stripped_oak_log":10,"minecraft:brush":3,"alexsmobs:emu_egg":1,"minecraft:smooth_stone":2,"refurbished_furniture:oak_chair":7},"minecraft:picked_up":{"minecraft:wooden_axe":1,"minecraft:iron_chestplate":1,"framedblocks:framed_door":1,"minecraft:diamond_sword":1,"minecraft:enchanted_book":9,"minecraft:potion":1,"minecraft:nether_brick":11,"minecraft:amethyst_block":29,"minecraft:raw_copper":14,"minecraft:iron_leggings":1,"minecraft:oak_sign":4,"immersive_aircraft:heavy_crossbow":1,"minecraft:diamond_leggings":1,"alexsmobs:blood_sac":14,"alexsmobs:banana":1,"minecraft:cobbled_deepslate":4,"minecraft:rose_bush":2,"alexsmobs:raccoon_tail":1,"minecraft:iron_boots":1,"minecraft:golden_helmet":1,"minecraft:stick":3,"minecraft:torch":22,"minecraft:porkchop":99,"tacz:attachment":3,"minecraft:diorite":21,"minecraft:golden_chestplate":1,"alexsmobs:centipede_leg":2,"minecraft:rotten_flesh":17,"minecraft:iron_block":2,"alexsmobs:emu_egg":1,"jdcoin:pum_coin":150,"sophisticatedbackpacks:advanced_tool_swapper_upgrade":1,"minecraft:obsidian":5,"minecraft:snowball":10,"alexsmobs:lobster_tail":1,"minecraft:cobblestone":507,"minecraft:lilac":1,"minecraft:cooked_beef":11,"jdcoin:espadon":1,"minecraft:andesite":12,"minecraft:tuff":2,"minecraft:wither_skeleton_skull":1,"minecraft:dirt":322,"minecraft:name_tag":2,"minecraft:bone":19,"minecraft:wheat_seeds":267,"minecraft:raw_gold":2,"biomesoplenty:palm_sapling":1,"minecraft:glowstone_dust":2,"minecraft:diamond_helmet":1,"refurbished_furniture:warped_desk":1,"jdcoin:jd_coin":4959,"minecraft:oak_planks":6,"minecraft:cooked_porkchop":8,"sophisticatedbackpacks:iron_backpack":2,"minecraft:spectral_arrow":47,"jdcoin:donmartillo_block":1,"minecraft:shulker_box":1,"minecraft:sugar":37,"minecraft:diamond":3,"minecraft:lever":1,"minecraft:writable_book":2,"minecraft:granite":21,"minecraft:white_concrete":2,"minecraft:golden_apple":5,"minecraft:golden_horse_armor":1,"alexsmobs:banana_slug_slime":2,"minecraft:oak_sapling":1,"minecraft:crimson_roots":6,"minecraft:diamond_pickaxe":1,"minecraft:gold_block":1,"jdcoin:tarjeta_de_credito":5,"minecraft:oak_trapdoor":1,"minecraft:iron_axe":2,"alexsmobs:pigshoes":2,"minecraft:compass":1,"tacz:ammo":541,"minecraft:blackstone":29,"minecraft:netherite_sword":1,"minecraft:beef":159,"minecraft:poppy":4,"minecraft:chest":1,"minecraft:lime_shulker_box":2,"minecraft:raw_iron":9,"minecraft:stone":2,"minecraft:raw_gold_block":1,"minecraft:glow_item_frame":3,"biomesoplenty:chiseled_brimstone_bricks":1,"minecraft:fire_charge":2,"minecraft:carrot":39,"man_of_many_planes:scarlet_biplane":1,"minecraft:arrow":9,"minecraft:diamond_chestplate":1,"minecraft:diamond_boots":2,"minecraft:saddle":2,"minecraft:gold_ingot":33,"minecraft:mutton":2,"securitycraft:keypad_door_item":2,"minecraft:white_wool":1,"minecraft:rail":1,"biomesoplenty:black_sandstone":3,"minecraft:leather":139,"minecraft:carrot_on_a_stick":1,"minecraft:gunpowder":7,"alexsmobs:mosquito_proboscis":1,"alexsmobs:cockroach_wing_fragment":2,"minecraft:iron_ingot":51,"immersive_aircraft:airship":1,"minecraft:soul_sand":20,"immersive_aircraft:cargo_airship":1,"minecraft:quartz":35,"minecraft:dandelion":4,"minecraft:gravel":20,"minecraft:crying_obsidian":1,"minecraft:spider_eye":1,"minecraft:purple_bed":1,"minecraft:slime_ball":1728,"tacz:modern_kinetic_gun":24,"minecraft:iron_helmet":1,"alexsmobs:rainbow_jelly":2,"minecraft:diamond_axe":1,"minecraft:painting":5,"jdcoin:reliquia_de_jd_coin":316,"minecraft:coal":3,"minecraft:ender_pearl":5,"minecraft:sunflower":11}},"DataVersion":3465}