{"stats":{"minecraft:crafted":{"minecraft:leather_leggings":3,"minecraft:leather_boots":8,"minecraft:leather_helmet":6,"minecraft:air":0,"minecraft:leather_chestplate":4},"minecraft:used":{"chipped:secret_oak_door":1,"minecraft:oak_trapdoor":61,"framedblocks:framed_fence":123,"minecraft:netherite_sword":190,"chipped:big_soul_lantern":3,"minecraft:writable_book":11,"cfm:stripped_birch_table":2,"framedblocks:framed_adj_double_slab":178,"biomesoplenty:brimstone":66,"minecraft:red_concrete":390,"immersive_aircraft:airship":1,"framedblocks:framed_slab":32,"securitycraft:keypad_chest":2,"minecraft:redstone":36,"minecraft:oak_sign":62,"smallships:dark_oak_brigg":1,"framedblocks:framed_stairs":91,"tacz:gun_smith_table":5,"minecraft:chest":93,"minecraft:tinted_glass":33,"minecraft:white_terracotta":77,"minecraft:stone":72,"minecraft:iron_sword":44,"securitycraft:keypad_door_item":20,"cfm:stripped_spruce_table":11,"minecraft:stripped_birch_wood":1,"immersive_aircraft:warship":5,"cfm:stripped_spruce_chair":1,"securitycraft:reinforced_iron_bars":212,"refurbished_furniture:dark_ceiling_light":1,"framedblocks:framed_small_double_corner_slope_panel":1,"immersive_aircraft:quadrocopter":1,"minecraft:oak_door":10,"minecraft:spruce_leaves":17,"minecraft:torch":39,"chipped:donut_soul_lantern":1,"minecraft:dirt":12,"minecraft:anvil":17,"minecraft:skeleton_spawn_egg":1,"chipped:wooden_cage_soul_lantern":2,"mcwdoors:garage_white_door":32,"minecraft:spruce_stairs":8,"minecraft:milk_bucket":1,"minecraft:shulker_box":4,"refurbished_furniture:television":13,"minecraft:oak_wood":9,"automobility:steep_slope":5,"minecraft:dark_oak_planks":51,"biomesoplenty:jacaranda_slab":6,"biomesoplenty:chiseled_brimstone_bricks":38,"minecraft:granite":1,"minecraft:light_blue_stained_glass":2,"refurbished_furniture:spruce_kitchen_storage_cabinet":2,"cfm:oak_table":21,"minecraft:oak_fence_gate":3,"biomesoplenty:black_sandstone":612,"minecraft:polished_diorite":265,"refurbished_furniture:frying_pan":1,"minecraft:stone_brick_slab":69,"refurbished_furniture:recycle_bin":2,"minecraft:glass":447,"biomesoplenty:stringy_cobweb":6,"minecraft:bricks":64,"minecraft:lava_bucket":3,"automobility:dash_panel":12,"minecraft:coal_ore":4,"minecraft:lantern":20,"minecraft:grass_block":259,"minecraft:iron_block":29,"minecraft:spruce_wood":17,"minecraft:oak_stairs":93,"minecraft:rooted_dirt":1,"minecraft:polished_andesite_stairs":8,"minecraft:spawner":6,"refurbished_furniture:light_microwave":1,"cfm:stripped_oak_chair":103,"refurbished_furniture:light_toaster":3,"minecraft:smooth_quartz":241,"refurbished_furniture:white_kitchen_cabinetry":3,"minecraft:lime_dye":5,"framedblocks:framed_vertical_double_stairs":4,"biomesoplenty:brimstone_brick_slab":28,"minecraft:stone_brick_stairs":209,"minecraft:barrel":9,"minecraft:stone_bricks":570,"cfm:stripped_jungle_table":3,"minecraft:repeater":1,"framedblocks:framed_double_sloped_prism":1,"minecraft:deepslate_diamond_ore":20,"minecraft:glowstone":204,"refurbished_furniture:oak_crate":53,"refurbished_furniture:light_lightswitch":29,"minecraft:lime_concrete":202,"minecraft:blue_shulker_box":1,"cfm:fridge_light":1,"minecraft:written_book":3,"minecraft:furnace":4,"minecraft:lime_stained_glass":153,"securitycraft:reinforced_glass":148,"minecraft:podzol":170,"mcwdoors:oak_glass_door":2,"minecraft:gold_block":124,"alexsmobs:banana":1,"refurbished_furniture:yellow_sofa":10,"mcwdoors:metal_warning_door":5,"framedblocks:framed_trapdoor":4,"refurbished_furniture:oak_table":11,"minecraft:dark_oak_stairs":32,"biomesoplenty:maple_leaves":15,"minecraft:water_bucket":23,"framedblocks:framed_sliced_stairs_slab":1,"minecraft:light_blue_shulker_box":1,"minecraft:cow_spawn_egg":5,"minecraft:dirt_path":4,"minecraft:spruce_door":62,"framedblocks:framed_slope":30,"minecraft:yellow_shulker_box":1,"framedblocks:framed_door":19,"minecraft:polished_andesite":42,"biomesoplenty:palm_leaves":467,"minecraft:oak_planks":428,"minecraft:polished_diorite_slab":83,"minecraft:copper_block":5,"refurbished_furniture:light_stove":3,"securitycraft:panic_button":3,"biomesoplenty:webbing":66,"minecraft:sandstone":1,"framedblocks:framed_cube":2,"biomesoplenty:umbran_sign":7,"minecraft:cauldron":18,"minecraft:white_dye":1,"minecraft:parrot_spawn_egg":9,"cfm:oak_coffee_table":2,"minecraft:glow_ink_sac":16,"refurbished_furniture:black_toilet":24,"framedblocks:framed_tube":1,"framedblocks:framed_wall":62,"immersive_aircraft:cargo_airship":1,"minecraft:glow_item_frame":670,"minecraft:polished_blackstone_pressure_plate":3,"cfm:oak_cabinet":10,"minecraft:light_blue_concrete":325,"minecraft:sand":97,"minecraft:yellow_terracotta":30,"chipped:tall_soul_lantern":4,"refurbished_furniture:oak_kitchen_drawer":19,"minecraft:oak_slab":52,"minecraft:crafting_table":10,"minecraft:red_bed":35,"minecraft:yellow_concrete":46,"minecraft:sponge":68,"minecraft:stone_brick_wall":124,"minecraft:gray_concrete":227,"minecraft:painting":44,"minecraft:spruce_log":3,"refurbished_furniture:computer":166,"tacz:target":17,"minecraft:dark_oak_door":2,"cfm:oak_chair":148,"minecraft:creeper_spawn_egg":1,"minecraft:redstone_torch":119,"minecraft:oak_log":271,"minecraft:sticky_piston":13,"refurbished_furniture:dark_electricity_generator":3,"mcwdoors:garage_black_door":30,"minecraft:netherite_block":1,"minecraft:lever":18,"minecraft:yellow_dye":3,"minecraft:black_concrete":633,"minecraft:firework_rocket":127,"refurbished_furniture:light_ceiling_light":132,"biomesoplenty:hanging_cobweb":16,"cfm:spruce_mail_box":4,"chisel_chipped_integration:factory_slighly_rusty_plate":22,"man_of_many_planes:scarlet_biplane":2,"minecraft:oak_pressure_plate":1,"minecraft:stone_slab":8,"minecraft:barrier":51,"minecraft:pig_spawn_egg":2,"refurbished_furniture:light_electricity_generator":23,"minecraft:spruce_trapdoor":369,"chipped:glass_birch_door":2,"chipped:paper_spruce_door":8,"minecraft:iron_door":40,"minecraft:flowering_azalea_leaves":3,"minecraft:soul_lantern":14,"minecraft:chiseled_stone_bricks":7,"minecraft:coal_block":18,"minecraft:green_shulker_box":1,"cfm:stripped_oak_table":203,"minecraft:cobblestone":31,"refurbished_furniture:oak_kitchen_cabinetry":23,"minecraft:azalea_leaves":89,"minecraft:stripped_oak_wood":39,"minecraft:smithing_table":2,"minecraft:andesite":30,"minecraft:white_stained_glass":4,"immersive_aircraft:gyrodyne":1,"refurbished_furniture:oak_drawer":4,"cfm:birch_blinds":18,"minecraft:smooth_stone_slab":79,"minecraft:white_concrete":622,"minecraft:oak_hanging_sign":16,"refurbished_furniture:oak_chair":7,"minecraft:oak_fence":118,"minecraft:smooth_stone":38,"minecraft:splash_potion":85,"minecraft:cobweb":101,"man_of_many_planes:economy_plane":1,"refurbished_furniture:oak_storage_cabinet":8},"minecraft:custom":{"minecraft:interact_with_smithing_table":8,"minecraft:mob_kills":82,"minecraft:interact_with_anvil":25,"minecraft:interact_with_crafting_table":9,"minecraft:open_barrel":1,"minecraft:fill_cauldron":19,"minecraft:open_shulker_box":29,"minecraft:damage_dealt_resisted":735,"minecraft:leave_game":14,"minecraft:time_since_death":280015,"minecraft:sprint_one_cm":526310,"minecraft:walk_one_cm":1494846,"minecraft:drop":204,"minecraft:damage_dealt_absorbed":120,"minecraft:play_time":1170692,"minecraft:deaths":1,"minecraft:sneak_time":18444,"minecraft:walk_under_water_one_cm":177969,"minecraft:boat_one_cm":1165448,"minecraft:jump":4695,"minecraft:walk_on_water_one_cm":109492,"minecraft:total_world_time":1170692,"minecraft:time_since_rest":280042,"minecraft:damage_taken":81,"minecraft:damage_dealt":12529,"minecraft:swim_one_cm":7561,"minecraft:fly_one_cm":9285351,"minecraft:player_kills":16,"minecraft:open_chest":109,"minecraft:crouch_one_cm":6885,"minecraft:fall_one_cm":269},"minecraft:dropped":{"sophisticatedbackpacks:iron_backpack":1,"minecraft:blue_shulker_box":1,"minecraft:iron_sword":1,"minecraft:oak_log":8,"minecraft:lime_shulker_box":2,"minecraft:lantern":1,"minecraft:green_shulker_box":1,"framedblocks:framed_door":32,"minecraft:leather_helmet":3,"jdcoin:reliquia_de_jd_coin":128,"jdcoin:tarjeta_de_credito":7,"minecraft:dirt":2,"refurbished_furniture:wrench":1,"minecraft:yellow_dye":1,"minecraft:wooden_axe":1,"minecraft:yellow_shulker_box":5,"minecraft:writable_book":1,"tacz:modern_kinetic_gun":10,"minecraft:iron_axe":1,"minecraft:iron_pickaxe":1,"minecraft:black_concrete":64,"minecraft:paper":4,"automobility:automobile":1,"jdcoin:jd_coin":6880,"minecraft:netherite_sword":11,"sophisticatedbackpacks:backpack":1,"minecraft:white_shulker_box":2,"minecraft:shulker_box":5,"minecraft:leather_chestplate":3,"minecraft:oak_wood":1,"minecraft:glowstone":1,"minecraft:leather_boots":3,"minecraft:chest":1,"minecraft:pink_shulker_box":1,"minecraft:leather_leggings":4,"tacz:ammo":180,"minecraft:written_book":2,"alexsmobs:novelty_hat":1},"minecraft:picked_up":{"minecraft:charcoal":63,"refurbished_furniture:toast":1,"minecraft:leather_leggings":4,"refurbished_furniture:wrench":1,"securitycraft:panic_button":1,"framedblocks:framed_door":1,"jdcoin:tarjeta_de_credito":6,"minecraft:string":10,"immersive_aircraft:heavy_crossbow":1,"minecraft:pink_shulker_box":1,"automobility:automobile":1,"framedblocks:framed_cube":2,"minecraft:netherite_sword":10,"minecraft:beef":9,"minecraft:white_tulip":1,"minecraft:redstone_torch":19,"tacz:target":3,"minecraft:azalea":1,"minecraft:poppy":14,"minecraft:chest":1,"minecraft:blue_shulker_box":1,"minecraft:iron_boots":1,"minecraft:lime_shulker_box":2,"minecraft:stick":1,"minecraft:stone":3,"alexsmobs:cockroach_ootheca":1,"minecraft:glow_item_frame":2,"minecraft:oak_fence":6,"minecraft:torch":4,"sophisticatedbackpacks:backpack":1,"tacz:statue":1,"minecraft:redstone":3,"minecraft:cauldron":1,"minecraft:arrow":14,"minecraft:rotten_flesh":17,"minecraft:iron_block":2,"minecraft:glowstone":1,"minecraft:white_shulker_box":1,"minecraft:cobblestone":40,"biomesoplenty:lavender":1,"biomesoplenty:black_sandstone":12,"minecraft:yellow_shulker_box":2,"minecraft:leather_chestplate":3,"minecraft:iron_door":2,"minecraft:yellow_dye":1,"minecraft:oak_log":8,"minecraft:gunpowder":10,"minecraft:lantern":1,"minecraft:green_shulker_box":1,"minecraft:dirt":2,"minecraft:paper":2,"minecraft:leather_boots":3,"minecraft:glass":2,"minecraft:bone":15,"minecraft:wheat_seeds":23,"jdcoin:jd_coin":2497,"minecraft:oak_slab":1,"minecraft:dandelion":10,"refurbished_furniture:light_ceiling_light":1,"minecraft:light_blue_shulker_box":1,"minecraft:spruce_sapling":1,"sophisticatedbackpacks:iron_backpack":1,"minecraft:ink_sac":1,"minecraft:grass_block":1,"alexsmobs:novelty_hat":1,"minecraft:shulker_box":5,"minecraft:spider_eye":2,"minecraft:leather_helmet":3,"minecraft:oak_wood":1,"minecraft:black_concrete":65,"tacz:modern_kinetic_gun":8,"minecraft:writable_book":1,"minecraft:painting":2,"jdcoin:reliquia_de_jd_coin":128,"refurbished_furniture:bread_slice":4,"minecraft:ender_pearl":2},"minecraft:killed":{"minecraft:witch":1,"alexsmobs:raccoon":2,"minecraft:spider":9,"minecraft:phantom":2,"alexsmobs:gorilla":1,"minecraft:skeleton":14,"alexsmobs:blue_jay":1,"minecraft:chicken":1,"minecraft:warden":5,"minecraft:zombie_villager":3,"minecraft:creeper":11,"minecraft:zombie":23,"alexsmobs:cockroach":1,"alexsmobs:cachalot_whale":1,"minecraft:enderman":3}},"DataVersion":3465}