{"stats":{"minecraft:crafted":{"minecraft:leather_chestplate":4,"minecraft:leather_leggings":3,"minecraft:leather_boots":8,"minecraft:leather_helmet":6,"minecraft:air":0},"minecraft:used":{"chipped:secret_oak_door":1,"framedblocks:framed_adj_double_slab":178,"minecraft:writable_book":11,"chipped:big_soul_lantern":3,"cfm:stripped_birch_table":2,"minecraft:spruce_slab":23,"immersive_aircraft:airship":1,"minecraft:oak_sign":68,"minecraft:chest":95,"minecraft:white_terracotta":77,"minecraft:iron_sword":44,"minecraft:stone":72,"cfm:stripped_spruce_chair":1,"immersive_aircraft:quadrocopter":1,"minecraft:spruce_leaves":17,"chipped:donut_soul_lantern":1,"minecraft:skeleton_spawn_egg":1,"mcwdoors:garage_white_door":32,"alexsmobs:spawn_egg_centipede":2,"biomesoplenty:chiseled_brimstone_bricks":38,"refurbished_furniture:spruce_kitchen_storage_cabinet":2,"minecraft:milk_bucket":1,"minecraft:glass":447,"automobility:steep_slope":5,"minecraft:lava_bucket":3,"automobility:dash_panel":12,"minecraft:bricks":64,"minecraft:coal_ore":4,"alexsmobs:spawn_egg_gorilla":2,"securitycraft:secret_sign_item":1,"minecraft:spruce_wood":17,"minecraft:lantern":45,"minecraft:grass_block":263,"minecraft:polished_andesite_stairs":35,"cfm:stripped_oak_chair":103,"refurbished_furniture:light_microwave":1,"minecraft:dark_oak_slab":9,"minecraft:stone_brick_stairs":209,"biomesoplenty:brimstone_brick_slab":28,"minecraft:stone_bricks":570,"framedblocks:framed_sign":17,"minecraft:deepslate_diamond_ore":20,"framedblocks:framed_double_sloped_prism":1,"refurbished_furniture:oak_crate":53,"minecraft:repeater":1,"minecraft:written_book":3,"minecraft:blue_shulker_box":1,"minecraft:furnace":4,"minecraft:gold_block":124,"refurbished_furniture:yellow_sofa":10,"mcwdoors:metal_warning_door":5,"refurbished_furniture:oak_table":11,"minecraft:dark_oak_stairs":34,"minecraft:cow_spawn_egg":5,"minecraft:spruce_door":62,"framedblocks:framed_door":19,"minecraft:dark_oak_sign":8,"minecraft:oak_planks":440,"minecraft:polished_diorite_slab":83,"refurbished_furniture:light_stove":9,"biomesoplenty:webbing":66,"minecraft:sandstone":1,"minecraft:parrot_spawn_egg":9,"framedblocks:framed_wall":66,"immersive_aircraft:cargo_airship":1,"minecraft:sand":97,"minecraft:yellow_terracotta":30,"minecraft:light_blue_concrete":328,"securitycraft:reinforced_polished_andesite":55,"minecraft:yellow_concrete":46,"minecraft:sponge":68,"minecraft:gray_concrete":227,"minecraft:stone_brick_wall":124,"minecraft:black_bed":15,"tacz:target":17,"refurbished_furniture:computer":166,"cfm:oak_chair":173,"minecraft:creeper_spawn_egg":1,"minecraft:redstone_torch":119,"minecraft:sticky_piston":13,"mcwdoors:garage_black_door":30,"minecraft:lever":27,"minecraft:black_concrete":642,"minecraft:firework_rocket":127,"biomesoplenty:hanging_cobweb":16,"minecraft:barrier":51,"minecraft:oak_pressure_plate":1,"minecraft:iron_door":42,"cfm:spruce_mail_box":4,"minecraft:flowering_azalea_leaves":3,"minecraft:soul_lantern":14,"minecraft:coal_block":18,"minecraft:stripped_oak_wood":39,"minecraft:smithing_table":2,"minecraft:white_stained_glass":4,"immersive_aircraft:gyrodyne":1,"minecraft:andesite":30,"minecraft:smooth_stone_slab":79,"minecraft:white_concrete":635,"minecraft:oak_hanging_sign":16,"minecraft:cobweb":101,"refurbished_furniture:oak_storage_cabinet":8,"minecraft:oak_fence":125,"minecraft:oak_trapdoor":61,"framedblocks:framed_fence":123,"minecraft:netherite_sword":190,"cfm:stripped_birch_chair":35,"biomesoplenty:brimstone":66,"minecraft:iron_bars":18,"framedblocks:framed_slab":35,"minecraft:red_concrete":390,"securitycraft:keypad_chest":2,"minecraft:redstone":36,"smallships:dark_oak_brigg":1,"framedblocks:framed_stairs":91,"tacz:gun_smith_table":5,"minecraft:tinted_glass":33,"securitycraft:keypad_door_item":22,"minecraft:stripped_birch_wood":1,"alexsmobs:spawn_egg_cockroach":15,"cfm:stripped_spruce_table":11,"immersive_aircraft:warship":5,"framedblocks:framed_small_double_corner_slope_panel":1,"refurbished_furniture:dark_ceiling_light":1,"securitycraft:reinforced_iron_bars":256,"minecraft:oak_door":14,"minecraft:torch":39,"minecraft:dirt":12,"minecraft:anvil":18,"chipped:wooden_cage_soul_lantern":2,"minecraft:spruce_stairs":8,"refurbished_furniture:television":13,"minecraft:shulker_box":4,"minecraft:oak_wood":9,"minecraft:light_blue_stained_glass":2,"minecraft:granite":1,"biomesoplenty:jacaranda_slab":6,"minecraft:oak_fence_gate":3,"minecraft:polished_diorite":305,"biomesoplenty:black_sandstone":612,"refurbished_furniture:frying_pan":1,"refurbished_furniture:recycle_bin":2,"minecraft:stone_brick_slab":69,"cfm:oak_table":21,"minecraft:dark_oak_planks":59,"biomesoplenty:stringy_cobweb":6,"minecraft:oak_stairs":93,"minecraft:iron_block":29,"minecraft:rooted_dirt":1,"minecraft:spawner":6,"refurbished_furniture:light_toaster":3,"minecraft:lime_dye":5,"minecraft:smooth_quartz":243,"refurbished_furniture:white_kitchen_cabinetry":3,"framedblocks:framed_vertical_double_stairs":4,"minecraft:barrel":9,"cfm:stripped_jungle_table":3,"minecraft:glowstone":204,"refurbished_furniture:light_lightswitch":29,"minecraft:lime_concrete":202,"cfm:fridge_light":1,"minecraft:lime_stained_glass":153,"securitycraft:reinforced_glass":148,"minecraft:podzol":170,"mcwdoors:oak_glass_door":2,"alexsmobs:banana":1,"framedblocks:framed_trapdoor":4,"biomesoplenty:maple_leaves":15,"minecraft:water_bucket":23,"framedblocks:framed_sliced_stairs_slab":1,"minecraft:light_blue_shulker_box":1,"mcwdoors:metal_door":4,"minecraft:dirt_path":4,"framedblocks:framed_slope":30,"minecraft:yellow_shulker_box":1,"minecraft:polished_andesite":42,"biomesoplenty:palm_leaves":467,"minecraft:copper_block":5,"securitycraft:panic_button":3,"framedblocks:framed_cube":2,"framedblocks:framed_floor_board":8,"biomesoplenty:umbran_sign":7,"minecraft:cauldron":18,"minecraft:white_dye":1,"alexsmobs:spawn_egg_bald_eagle":3,"minecraft:glow_ink_sac":29,"cfm:oak_coffee_table":2,"refurbished_furniture:black_toilet":24,"framedblocks:framed_tube":1,"minecraft:glow_item_frame":672,"minecraft:polished_blackstone_pressure_plate":3,"cfm:oak_cabinet":10,"securitycraft:reinforced_stone_bricks":43,"chipped:tall_soul_lantern":4,"refurbished_furniture:oak_kitchen_drawer":19,"minecraft:oak_slab":52,"minecraft:crafting_table":10,"minecraft:red_bed":35,"minecraft:painting":44,"minecraft:spruce_log":3,"minecraft:dark_oak_door":2,"minecraft:oak_log":279,"refurbished_furniture:dark_electricity_generator":3,"minecraft:netherite_block":1,"minecraft:yellow_dye":13,"refurbished_furniture:light_ceiling_light":132,"man_of_many_planes:scarlet_biplane":2,"chisel_chipped_integration:factory_slighly_rusty_plate":22,"minecraft:pig_spawn_egg":2,"minecraft:stone_slab":8,"chipped:paper_spruce_door":8,"minecraft:spruce_trapdoor":369,"refurbished_furniture:light_electricity_generator":60,"chipped:glass_birch_door":2,"minecraft:chiseled_stone_bricks":7,"minecraft:green_shulker_box":1,"cfm:stripped_oak_table":211,"minecraft:cobblestone":31,"refurbished_furniture:oak_kitchen_cabinetry":23,"minecraft:azalea_leaves":89,"securitycraft:reinforced_white_concrete":17,"cfm:birch_blinds":18,"refurbished_furniture:oak_drawer":4,"minecraft:smooth_stone":38,"minecraft:splash_potion":85,"man_of_many_planes:economy_plane":1,"refurbished_furniture:oak_chair":7},"minecraft:custom":{"minecraft:interact_with_crafting_table":10,"minecraft:open_barrel":1,"minecraft:open_shulker_box":29,"minecraft:leave_game":15,"minecraft:time_since_death":342167,"minecraft:sprint_one_cm":573641,"minecraft:drop":210,"minecraft:play_time":1232844,"minecraft:deaths":1,"minecraft:jump":4865,"minecraft:walk_on_water_one_cm":111071,"minecraft:interact_with_furnace":1,"minecraft:damage_dealt":12762,"minecraft:player_kills":29,"minecraft:crouch_one_cm":7857,"minecraft:interact_with_smithing_table":8,"minecraft:interact_with_anvil":27,"minecraft:mob_kills":83,"minecraft:fill_cauldron":19,"minecraft:damage_dealt_resisted":735,"minecraft:walk_one_cm":1632904,"minecraft:damage_dealt_absorbed":120,"minecraft:sneak_time":19348,"minecraft:walk_under_water_one_cm":177969,"minecraft:boat_one_cm":1165448,"minecraft:total_world_time":1232844,"minecraft:time_since_rest":342194,"minecraft:damage_taken":81,"minecraft:fly_one_cm":9609221,"minecraft:swim_one_cm":7561,"minecraft:open_chest":117,"minecraft:fall_one_cm":269},"minecraft:dropped":{"sophisticatedbackpacks:iron_backpack":1,"minecraft:blue_shulker_box":1,"minecraft:iron_sword":1,"minecraft:oak_log":8,"minecraft:lime_shulker_box":2,"minecraft:lantern":1,"minecraft:green_shulker_box":1,"minecraft:leather_helmet":3,"minecraft:cod":1,"jdcoin:reliquia_de_jd_coin":128,"minecraft:dirt":2,"jdcoin:tarjeta_de_credito":7,"refurbished_furniture:wrench":1,"minecraft:yellow_dye":1,"minecraft:writable_book":1,"minecraft:iron_pickaxe":1,"minecraft:black_concrete":64,"automobility:automobile":1,"minecraft:cauldron":1,"minecraft:netherite_sword":11,"minecraft:salmon":1,"minecraft:leather_chestplate":3,"minecraft:oak_wood":1,"minecraft:glowstone":1,"minecraft:leather_boots":3,"minecraft:chest":1,"minecraft:leather_leggings":4,"alexsmobs:banana":3,"minecraft:written_book":2,"framedblocks:framed_door":32,"minecraft:wooden_axe":1,"minecraft:yellow_shulker_box":5,"tacz:modern_kinetic_gun":10,"minecraft:iron_axe":1,"minecraft:paper":4,"jdcoin:jd_coin":6880,"sophisticatedbackpacks:backpack":1,"minecraft:white_shulker_box":2,"minecraft:shulker_box":5,"minecraft:pink_shulker_box":1,"tacz:ammo":180,"alexsmobs:novelty_hat":1},"minecraft:picked_up":{"minecraft:light_blue_concrete":2,"framedblocks:framed_door":31,"minecraft:diamond_sword":1,"minecraft:string":10,"minecraft:pink_shulker_box":1,"immersive_aircraft:heavy_crossbow":1,"minecraft:white_tulip":1,"minecraft:redstone_torch":19,"minecraft:written_book":1,"tacz:target":3,"minecraft:azalea":9,"minecraft:iron_pickaxe":2,"minecraft:iron_boots":1,"minecraft:stick":64,"minecraft:big_dripleaf":19,"minecraft:oak_fence":6,"minecraft:torch":33,"jdcoin:vip":1,"alexsmobs:centipede_leg":3,"minecraft:cauldron":3,"minecraft:rotten_flesh":22,"minecraft:iron_block":2,"minecraft:glowstone":1,"minecraft:cod":1,"minecraft:cobblestone":65,"biomesoplenty:lavender":1,"minecraft:leather_chestplate":3,"minecraft:iron_door":2,"minecraft:water_bucket":1,"minecraft:green_shulker_box":1,"minecraft:lapis_lazuli":8,"minecraft:dirt":2,"minecraft:lantern":1,"minecraft:leather_boots":3,"minecraft:glass":2,"minecraft:bone":15,"minecraft:wheat_seeds":71,"minecraft:fletching_table":1,"minecraft:moss_block":6,"jdcoin:jd_coin":2785,"minecraft:music_disc_13":1,"minecraft:light_blue_shulker_box":2,"sophisticatedbackpacks:iron_backpack":1,"minecraft:ink_sac":1,"alexsmobs:novelty_hat":1,"minecraft:grass_block":1,"minecraft:shulker_box":6,"minecraft:black_concrete":65,"minecraft:lever":3,"minecraft:writable_book":1,"minecraft:white_concrete":5,"minecraft:charcoal":190,"refurbished_furniture:toast":1,"refurbished_furniture:wrench":1,"minecraft:leather_leggings":4,"securitycraft:panic_button":1,"jdcoin:tarjeta_de_credito":7,"minecraft:shield":1,"minecraft:red_bed":1,"minecraft:iron_axe":1,"minecraft:iron_shovel":1,"automobility:automobile":1,"framedblocks:framed_cube":2,"minecraft:netherite_sword":10,"minecraft:beef":9,"minecraft:poppy":18,"minecraft:blue_shulker_box":1,"minecraft:chest":5,"minecraft:lime_shulker_box":2,"minecraft:raw_iron":2,"minecraft:stone":3,"alexsmobs:cockroach_ootheca":1,"minecraft:glow_item_frame":2,"sophisticatedbackpacks:backpack":1,"tacz:statue":1,"minecraft:carrot":36,"minecraft:redstone":3,"minecraft:arrow":17,"minecraft:diamond_chestplate":1,"minecraft:saddle":1,"minecraft:white_shulker_box":1,"minecraft:glow_berries":5,"securitycraft:keypad_door_item":1,"biomesoplenty:black_sandstone":12,"minecraft:yellow_shulker_box":2,"minecraft:salmon":1,"minecraft:yellow_dye":1,"minecraft:oak_log":8,"minecraft:gunpowder":10,"minecraft:paper":2,"alexsmobs:cockroach_wing_fragment":1,"minecraft:flowering_azalea":11,"sophisticatedbackpacks:diamond_backpack":1,"minecraft:oak_slab":1,"minecraft:dandelion":10,"refurbished_furniture:light_ceiling_light":1,"minecraft:spruce_sapling":1,"minecraft:spider_eye":2,"minecraft:leather_helmet":3,"minecraft:oak_wood":1,"tacz:modern_kinetic_gun":8,"minecraft:chainmail_leggings":1,"minecraft:iron_helmet":1,"minecraft:painting":2,"refurbished_furniture:bread_slice":4,"jdcoin:reliquia_de_jd_coin":128,"minecraft:coal":20,"minecraft:ender_pearl":2},"minecraft:killed":{"minecraft:witch":1,"minecraft:spider":9,"minecraft:skeleton":14,"minecraft:chicken":1,"alexsmobs:centipede_head":1,"minecraft:zombie_villager":3,"minecraft:creeper":11,"minecraft:zombie":23,"alexsmobs:cachalot_whale":1,"alexsmobs:raccoon":2,"alexsmobs:gorilla":1,"minecraft:phantom":2,"alexsmobs:blue_jay":1,"minecraft:warden":5,"alexsmobs:cockroach":1,"minecraft:enderman":3}},"DataVersion":3465}