{"stats":{"minecraft:custom":{"minecraft:interact_with_crafting_table":30,"minecraft:open_shulker_box":53,"minecraft:bell_ring":12,"minecraft:leave_game":16,"minecraft:time_since_death":192,"minecraft:sprint_one_cm":1993304,"minecraft:damage_blocked_by_shield":6875,"minecraft:drop":900,"minecraft:talked_to_villager":41,"minecraft:play_time":817020,"minecraft:deaths":79,"minecraft:jump":11368,"minecraft:walk_on_water_one_cm":124281,"minecraft:interact_with_furnace":15,"minecraft:interact_with_cartography_table":1,"minecraft:sleep_in_bed":9,"minecraft:damage_dealt":40568,"minecraft:player_kills":8,"minecraft:crouch_one_cm":33759,"minecraft:interact_with_smithing_table":4,"minecraft:interact_with_anvil":18,"minecraft:mob_kills":258,"minecraft:climb_one_cm":2044,"minecraft:walk_one_cm":1731983,"minecraft:damage_dealt_absorbed":80,"minecraft:strider_one_cm":514675,"minecraft:sneak_time":14344,"minecraft:walk_under_water_one_cm":55093,"minecraft:boat_one_cm":171890,"minecraft:total_world_time":817020,"minecraft:time_since_rest":223,"minecraft:damage_taken":26608,"minecraft:damage_absorbed":28,"minecraft:swim_one_cm":182575,"minecraft:fly_one_cm":2021162,"minecraft:open_chest":132,"minecraft:fall_one_cm":309768},"minecraft:dropped":{"minecraft:soul_sand":20,"minecraft:moss_block":3,"minecraft:porkchop":74,"minecraft:diamond_axe":3,"minecraft:cooked_beef":21,"minecraft:ender_pearl":5,"minecraft:diamond":3,"minecraft:nether_star":1,"minecraft:leather":56,"minecraft:saddle":2,"minecraft:rail":3,"minecraft:carrot_on_a_stick":1,"sophisticatedbackpacks:gold_backpack":1,"minecraft:gold_block":1,"jdcoin:tarjeta_de_credito":4,"minecraft:dirt":418,"minecraft:crimson_roots":4,"minecraft:sand":19,"minecraft:sugar":2,"minecraft:dark_oak_planks":6,"minecraft:gold_ingot":72,"minecraft:bone":9,"minecraft:gravel":35,"alexsmobs:centipede_leg":3,"jdcoin:pum_coin":150,"minecraft:blackstone":58,"minecraft:compass":1,"minecraft:golden_chestplate":1,"minecraft:cobbled_deepslate":40,"minecraft:nether_brick":11,"minecraft:obsidian":5,"minecraft:pointed_dripstone":2,"minecraft:rotten_flesh":8,"minecraft:grindstone":4,"minecraft:oak_planks":1,"jdcoin:espadon":2,"minecraft:carrot":45,"alexsmobs:blood_sac":14,"minecraft:leather_leggings":1,"minecraft:arrow":14,"minecraft:beef":25,"alexsmobs:banana":6,"minecraft:crying_obsidian":1,"minecraft:quartz":35,"minecraft:netherrack":17,"alexsmobs:mosquito_proboscis":1,"minecraft:iron_ingot":57,"minecraft:enchanted_book":5,"minecraft:golden_helmet":1,"minecraft:tnt":8,"minecraft:smithing_table":2,"minecraft:golden_horse_armor":1,"minecraft:dripstone_block":9,"minecraft:diamond_leggings":1,"minecraft:cobblestone":737,"minecraft:iron_helmet":1,"biomesoplenty:chiseled_brimstone_bricks":1,"minecraft:spectral_arrow":47,"minecraft:amethyst_block":29,"minecraft:granite":40,"minecraft:spruce_stairs":5,"minecraft:coal":1,"minecraft:golden_apple":6,"minecraft:diamond_horse_armor":1,"minecraft:diorite":62,"minecraft:torch":16,"minecraft:diamond_helmet":1,"minecraft:fire_charge":3,"minecraft:potion":1,"minecraft:iron_leggings":2,"tacz:modern_kinetic_gun":6,"minecraft:iron_axe":1,"minecraft:iron_shovel":2,"minecraft:paper":2,"minecraft:string":12,"jdcoin:jd_coin":2499,"minecraft:dandelion":2,"minecraft:moss_carpet":3,"minecraft:kelp":7,"minecraft:blaze_rod":1,"minecraft:raw_copper":15,"minecraft:tuff":2,"alexsmobs:pigshoes":2,"minecraft:raw_iron":12,"minecraft:composter":2,"minecraft:iron_boots":1,"minecraft:name_tag":2,"minecraft:lily_of_the_valley":2,"minecraft:flint_and_steel":1,"minecraft:filled_map":1,"minecraft:diamond_sword":1,"minecraft:shield":1,"alexsmobs:cockroach_wing_fragment":1,"minecraft:diamond_chestplate":1,"minecraft:spruce_planks":30,"minecraft:iron_chestplate":1,"minecraft:diamond_pickaxe":1,"minecraft:andesite":22,"minecraft:diamond_boots":2,"minecraft:sandstone":39,"minecraft:bow":2,"minecraft:raw_gold":2},"minecraft:mined":{"minecraft:dark_oak_planks":3,"minecraft:spruce_planks":10,"cfm:stripped_oak_chair":1,"biomesoplenty:brimstone":2,"minecraft:obsidian":6,"minecraft:spruce_trapdoor":1,"minecraft:granite":47,"minecraft:grass_block":138,"minecraft:polished_diorite":1,"minecraft:composter":2,"minecraft:crimson_fungus":1,"minecraft:spawner":4,"minecraft:weeping_vines_plant":1,"minecraft:magma_block":1,"minecraft:iron_ore":42,"minecraft:cobbled_deepslate":4,"minecraft:fire":5,"biomesoplenty:flesh_tendons":1,"mcwdoors:metal_reinforced_door":7,"biomesoplenty:glowshroom_block":3,"minecraft:pointed_dripstone":2,"minecraft:dirt_path":7,"minecraft:spruce_slab":5,"minecraft:deepslate_redstone_ore":5,"framedblocks:framed_door":1,"minecraft:blackstone":6,"biomesoplenty:glowworm_silk":1,"minecraft:kelp_plant":4,"minecraft:crimson_nylium":14,"biomesoplenty:brimstone_fumarole":3,"biomesoplenty:hanging_cobweb_strand":2,"minecraft:torch":1,"minecraft:chest":2,"framedblocks:framed_cube":1,"minecraft:spruce_wall_sign":1,"minecraft:cobblestone":22,"minecraft:damaged_anvil":2,"minecraft:oak_planks":14,"minecraft:grindstone":4,"minecraft:sugar_cane":1,"minecraft:wall_torch":6,"minecraft:amethyst_block":30,"minecraft:warped_nylium":15,"biomesoplenty:glowworm_silk_strand":1,"biomesoplenty:maple_leaves":2,"minecraft:warped_fungus":9,"minecraft:tnt":10,"biomesoplenty:fir_log":1,"minecraft:grass":222,"minecraft:oak_log":15,"minecraft:sand":7,"minecraft:dirt":431,"minecraft:netherrack":248,"minecraft:oak_leaves":1,"minecraft:deepslate":60,"minecraft:nether_gold_ore":9,"minecraft:tuff":2,"minecraft:mossy_cobblestone":3,"minecraft:deepslate_diamond_ore":14,"minecraft:shulker_box":12,"minecraft:nether_bricks":16,"minecraft:lever":2,"minecraft:glow_lichen":1,"minecraft:weeping_vines":1,"minecraft:crimson_roots":5,"minecraft:spruce_leaves":20,"minecraft:kelp":5,"minecraft:cartography_table":1,"minecraft:sandstone":21,"minecraft:large_fern":1,"minecraft:redstone_ore":10,"minecraft:furnace":1,"minecraft:nether_sprouts":2,"minecraft:andesite":27,"biomesoplenty:flesh":1,"minecraft:gold_block":1,"minecraft:bell":1,"minecraft:bookshelf":12,"minecraft:deepslate_iron_ore":44,"biomesoplenty:brimstone_bud":1,"minecraft:rail":1,"minecraft:lantern":1,"biomesoplenty:spider_egg":2,"minecraft:stone":933,"minecraft:smithing_table":2,"minecraft:gray_concrete":14,"minecraft:basalt":1,"minecraft:dandelion":2,"minecraft:crafting_table":2,"minecraft:campfire":4,"minecraft:lectern":14,"minecraft:copper_ore":7,"minecraft:tall_grass":54,"biomesoplenty:sprout":12,"minecraft:deepslate_gold_ore":23,"minecraft:diorite":64,"minecraft:blue_bed":1,"minecraft:spruce_stairs":4,"minecraft:purple_bed":10,"minecraft:sweet_berry_bush":7,"minecraft:spruce_log":7,"chipped:white_paper_lantern":3,"framedblocks:framed_floor_board":2,"minecraft:coal_ore":22,"minecraft:gravel":10,"minecraft:dripstone_block":2,"biomesoplenty:stringy_cobweb":2,"minecraft:cobweb":22,"minecraft:gold_ore":1,"minecraft:infested_stone":5,"minecraft:fern":68},"minecraft:crafted":{"minecraft:oak_planks":60,"minecraft:bookshelf":1,"minecraft:diamond_helmet":1,"minecraft:diamond_leggings":1,"minecraft:diamond_axe":2,"minecraft:crafting_table":5,"minecraft:spruce_planks":60,"biomesoplenty:fir_planks":4,"minecraft:lectern":1,"minecraft:diamond_pickaxe":2,"minecraft:shield":2,"minecraft:stick":20,"minecraft:iron_ingot":8,"minecraft:iron_pickaxe":1,"minecraft:gold_ingot":55,"minecraft:furnace":1,"minecraft:iron_axe":2,"minecraft:spruce_slab":12,"minecraft:diamond_boots":1,"minecraft:spruce_boat":1,"minecraft:cooked_beef":64,"minecraft:red_dye":2,"minecraft:diamond_sword":1,"minecraft:bucket":1,"minecraft:stone_axe":1,"minecraft:air":0,"minecraft:raw_gold":9,"minecraft:iron_shovel":1,"minecraft:iron_leggings":1,"minecraft:diamond_chestplate":1},"minecraft:killed":{"minecraft:cave_spider":11,"minecraft:spider":9,"minecraft:skeleton":29,"minecraft:silverfish":10,"alexsmobs:straddler":4,"alexsmobs:centipede_head":2,"minecraft:piglin":3,"minecraft:pig":37,"alexsmobs:grizzly_bear":2,"minecraft:zombie_villager":2,"minecraft:iron_golem":2,"alexsmobs:stradpole":1,"minecraft:strider":2,"minecraft:creeper":3,"alexsmobs:crimson_mosquito":31,"minecraft:zombie":37,"alexsmobs:roadrunner":1,"minecraft:blaze":2,"minecraft:cow":46,"alexsmobs:bone_serpent":3,"alexsmobs:tasmanian_devil":1,"minecraft:phantom":2,"alexsmobs:blue_jay":1,"minecraft:hoglin":3,"minecraft:wither_skeleton":4,"minecraft:villager":2,"minecraft:enderman":1},"minecraft:broken":{"minecraft:golden_helmet":1,"minecraft:iron_shovel":2,"minecraft:diamond_helmet":1,"minecraft:iron_boots":1,"minecraft:golden_leggings":1,"minecraft:diamond_boots":1,"minecraft:stone_axe":1,"minecraft:diamond_chestplate":1,"minecraft:stone_sword":1,"minecraft:diamond_leggings":1,"minecraft:shield":2,"minecraft:iron_axe":2,"minecraft:iron_pickaxe":2,"minecraft:iron_helmet":1},"minecraft:used":{"alexsmobs:emu_egg":15,"minecraft:iron_shovel":532,"minecraft:spruce_slab":13,"minecraft:carrot_on_a_stick":1,"minecraft:bone_block":4,"minecraft:chest":2,"minecraft:shield":178,"minecraft:stone":2,"minecraft:bell":1,"minecraft:iron_chestplate":1,"minecraft:nether_bricks":14,"minecraft:carrot":221,"minecraft:axolotl_bucket":1,"minecraft:snowball":1,"minecraft:obsidian":10,"minecraft:spruce_boat":1,"minecraft:lantern":1,"cfm:stripped_oak_chair":1,"minecraft:bow":7,"minecraft:sweet_berries":36,"minecraft:furnace":2,"minecraft:egg":2,"minecraft:potato":11,"minecraft:damaged_anvil":1,"minecraft:diorite":4,"minecraft:diamond_boots":1,"minecraft:warped_fungus_on_a_stick":88,"framedblocks:framed_door":1,"minecraft:oak_planks":26,"minecraft:blackstone":6,"minecraft:sandstone":1,"minecraft:blue_bed":1,"minecraft:diamond_axe":644,"minecraft:golden_apple":1,"minecraft:gray_concrete":15,"minecraft:dripstone_block":9,"alexsmobs:terrapin_bucket":2,"minecraft:lever":2,"minecraft:bread":13,"minecraft:lectern":15,"minecraft:gravel":7,"minecraft:diamond_sword":22,"minecraft:smithing_table":1,"minecraft:andesite":2,"minecraft:oak_fence":1,"jdcoin:espadon":2,"minecraft:stone_sword":196,"minecraft:flint_and_steel":2,"mcwdoors:metal_reinforced_door":5,"minecraft:spruce_planks":22,"securitycraft:keypad_door_item":5,"minecraft:netherrack":69,"minecraft:torch":102,"minecraft:dirt":142,"minecraft:shulker_box":13,"minecraft:granite":3,"minecraft:polished_diorite":1,"minecraft:dark_oak_planks":1,"minecraft:iron_axe":293,"refurbished_furniture:bread_slice":5,"minecraft:cooked_beef":25,"minecraft:cobbled_deepslate":18,"minecraft:water_bucket":20,"minecraft:lead":1,"minecraft:polished_andesite":1,"framedblocks:framed_cube":1,"framedblocks:framed_floor_board":2,"minecraft:mossy_cobblestone":3,"minecraft:crafting_table":7,"minecraft:strider_spawn_egg":1,"chipped:white_paper_lantern":4,"minecraft:diamond_pickaxe":1214,"minecraft:apple":1,"minecraft:iron_pickaxe":633,"minecraft:stone_axe":129,"minecraft:crimson_fungus":1,"minecraft:cobblestone":183,"minecraft:purple_bed":10,"minecraft:porkchop":10,"minecraft:bucket":24,"minecraft:diamond_leggings":1},"minecraft:killed_by":{"minecraft:wither_skeleton":2,"minecraft:piglin_brute":1,"minecraft:creeper":3,"alexsmobs:warped_mosco":2,"alexsmobs:cachalot_whale":1,"alexsmobs:crocodile":1,"alexsmobs:tasmanian_devil":1,"minecraft:blaze":3,"minecraft:zombie":2,"alexsmobs:grizzly_bear":2,"minecraft:player":35,"alexsmobs:rocky_roller":1,"minecraft:enderman":1,"minecraft:warden":1,"alexsmobs:crimson_mosquito":2},"minecraft:picked_up":{"minecraft:smithing_table":3,"framedblocks:framed_door":1,"minecraft:lead":6,"minecraft:potion":1,"minecraft:enchanted_book":8,"minecraft:nether_brick":16,"alexsmobs:bone_serpent_tooth":1,"minecraft:amethyst_block":29,"minecraft:string":44,"minecraft:raw_copper":27,"minecraft:iron_leggings":1,"biomesoplenty:brimstone":2,"alexsmobs:blood_sac":28,"minecraft:diamond_leggings":1,"minecraft:cobbled_deepslate":81,"minecraft:gold_nugget":29,"alexsmobs:banana":8,"minecraft:spruce_planks":30,"minecraft:azalea":1,"minecraft:iron_pickaxe":1,"minecraft:furnace":1,"minecraft:golden_helmet":1,"minecraft:stick":15,"minecraft:composter":2,"minecraft:oak_fence":1,"minecraft:torch":102,"minecraft:spruce_stairs":5,"alexsmobs:hemolymph_sac":3,"minecraft:porkchop":86,"minecraft:pointed_dripstone":4,"minecraft:diorite":69,"jdcoin:vip":1,"alexsmobs:centipede_leg":4,"minecraft:stone_sword":2,"minecraft:rotten_flesh":37,"alexsmobs:emu_egg":15,"minecraft:blaze_rod":1,"minecraft:obsidian":10,"minecraft:snowball":15,"minecraft:cobblestone":962,"minecraft:magma_block":1,"minecraft:feather":4,"minecraft:warped_fungus_on_a_stick":2,"jdcoin:espadon":2,"minecraft:andesite":25,"alexsmobs:bear_fur":1,"biomesoplenty:fir_log":1,"minecraft:tuff":2,"minecraft:gray_concrete":15,"minecraft:dirt":600,"minecraft:lantern":1,"minecraft:bone":56,"minecraft:wheat_seeds":39,"minecraft:bow":4,"minecraft:raw_gold":94,"minecraft:bell":1,"minecraft:grindstone":4,"minecraft:diamond_helmet":2,"minecraft:moss_block":3,"jdcoin:jd_coin":1655,"minecraft:oak_planks":14,"minecraft:strider_spawn_egg":1,"minecraft:sand":19,"minecraft:lily_of_the_valley":2,"minecraft:spectral_arrow":47,"minecraft:shulker_box":13,"minecraft:mossy_cobblestone":3,"minecraft:netherite_block":2,"minecraft:polished_andesite":1,"minecraft:sugar":2,"minecraft:diamond":53,"minecraft:lever":3,"minecraft:granite":43,"minecraft:golden_apple":1,"minecraft:spruce_sign":1,"minecraft:bread":14,"minecraft:netherrack":145,"minecraft:nether_star":1,"minecraft:crimson_roots":6,"minecraft:diamond_pickaxe":1,"sophisticatedbackpacks:gold_backpack":2,"chipped:white_paper_lantern":4,"minecraft:charcoal":8,"minecraft:crafting_table":2,"minecraft:leather_leggings":1,"minecraft:gold_block":1,"minecraft:diamond_horse_armor":1,"jdcoin:tarjeta_de_credito":4,"minecraft:shield":3,"minecraft:moss_carpet":3,"alexsmobs:pigshoes":2,"minecraft:iron_axe":1,"minecraft:flint_and_steel":1,"tacz:ammo":180,"minecraft:iron_shovel":2,"minecraft:blackstone":64,"framedblocks:framed_cube":1,"minecraft:cartography_table":1,"minecraft:beef":89,"minecraft:poppy":3,"minecraft:spruce_slab":5,"minecraft:lectern":14,"minecraft:sugar_cane":2,"minecraft:chest":2,"minecraft:spruce_trapdoor":1,"minecraft:egg":2,"minecraft:raw_iron":114,"minecraft:sandstone":40,"minecraft:stone":2,"alexsmobs:warped_muscle":1,"minecraft:raw_gold_block":1,"biomesoplenty:chiseled_brimstone_bricks":1,"sophisticatedbackpacks:backpack":3,"minecraft:fire_charge":3,"minecraft:carrot":4,"minecraft:redstone":63,"minecraft:dark_oak_planks":7,"minecraft:tnt":8,"minecraft:arrow":35,"minecraft:diamond_chestplate":2,"minecraft:nether_bricks":14,"minecraft:diamond_boots":3,"minecraft:saddle":2,"minecraft:gold_ingot":4,"sophisticatedbackpacks:copper_backpack":1,"securitycraft:keypad_door_item":5,"minecraft:bone_block":7,"minecraft:rail":3,"minecraft:air":0,"minecraft:basalt":1,"minecraft:leather":58,"framedblocks:framed_floor_board":2,"minecraft:carrot_on_a_stick":1,"minecraft:crimson_fungus":1,"minecraft:oak_log":15,"minecraft:gunpowder":2,"alexsmobs:mosquito_proboscis":4,"minecraft:blue_bed":1,"minecraft:paper":3,"minecraft:kelp":8,"alexsmobs:cockroach_wing_fragment":1,"minecraft:iron_ingot":16,"minecraft:soul_sand":25,"cfm:stripped_oak_chair":1,"minecraft:book":36,"minecraft:warped_fungus":8,"minecraft:sweet_berries":17,"mcwdoors:metal_reinforced_door":5,"minecraft:quartz":35,"minecraft:dandelion":2,"minecraft:dripstone_block":18,"minecraft:gravel":43,"minecraft:spruce_log":7,"minecraft:crying_obsidian":1,"minecraft:spider_eye":3,"minecraft:purple_bed":10,"minecraft:polished_diorite":1,"tacz:modern_kinetic_gun":8,"minecraft:diamond_axe":3,"minecraft:warped_roots":1,"refurbished_furniture:bread_slice":5,"minecraft:damaged_anvil":2,"minecraft:coal":30,"minecraft:ender_pearl":5}},"DataVersion":3465}