{"stats":{"minecraft:dropped":{"minecraft:porkchop":92,"minecraft:wheat_seeds":14,"minecraft:tnt":4,"minecraft:lime_shulker_box":2,"biomesoplenty:chiseled_brimstone_bricks":1,"minecraft:cobblestone":12,"minecraft:glow_item_frame":1,"minecraft:leather":72,"securitycraft:cobblestone_mine":1,"jdcoin:reliquia_de_jd_coin":128,"jdcoin:tarjeta_de_credito":7,"minecraft:iron_block":4,"minecraft:dirt":310,"minecraft:ink_sac":3,"minecraft:wooden_axe":1,"minecraft:writable_book":2,"tacz:modern_kinetic_gun":3,"minecraft:phantom_membrane":1,"minecraft:paper":2,"minecraft:string":2,"jdcoin:jd_coin":2817,"minecraft:dandelion":4,"minecraft:bone":8,"securitycraft:remote_access_mine":1,"securitycraft:dirt_mine":1,"alexsmobs:animal_dictionary":2,"minecraft:rotten_flesh":8,"securitycraft:taser":1,"minecraft:oak_planks":6,"minecraft:shulker_box":2,"minecraft:carrot":64,"minecraft:poppy":1,"minecraft:gunpowder":3,"minecraft:pink_shulker_box":1,"minecraft:spider_eye":5,"minecraft:painting":5,"minecraft:slime_ball":448,"minecraft:sandstone":9,"minecraft:arrow":8,"minecraft:beef":172},"minecraft:mined":{"minecraft:light_blue_stained_glass_pane":18,"minecraft:pink_shulker_box":1,"minecraft:spruce_planks":7,"minecraft:shulker_box":6,"minecraft:grass_block":375,"minecraft:sandstone":9,"minecraft:light_blue_stained_glass":2,"minecraft:fire":4,"minecraft:black_concrete":4,"minecraft:white_shulker_box":2,"minecraft:stone":96,"minecraft:iron_block":4,"minecraft:yellow_shulker_box":4,"minecraft:redstone_wall_torch":1,"refurbished_furniture:light_ceiling_light":1,"minecraft:gray_concrete":6,"minecraft:dandelion":1,"biomesoplenty:black_sandstone":5,"minecraft:poppy":1,"minecraft:tall_grass":15,"minecraft:cobblestone":18,"minecraft:lime_shulker_box":13,"minecraft:tnt":9,"minecraft:grass":28,"minecraft:oak_log":1,"minecraft:dirt":154,"minecraft:sand":1,"minecraft:smooth_quartz":63,"minecraft:stone_bricks":2},"minecraft:broken":{"minecraft:iron_shovel":2,"minecraft:stone_sword":1,"minecraft:iron_boots":1,"minecraft:stone_axe":1,"minecraft:iron_helmet":1},"minecraft:used":{"minecraft:oak_fence":1,"minecraft:light_blue_stained_glass_pane":318,"minecraft:writable_book":51,"minecraft:stone_sword":148,"minecraft:iron_shovel":500,"minecraft:smooth_quartz_slab":6,"minecraft:spruce_planks":559,"minecraft:white_shulker_box":3,"tacz:statue":1,"minecraft:dirt":58,"minecraft:anvil":1,"minecraft:carrot":132,"minecraft:shulker_box":6,"biomesoplenty:chiseled_brimstone_bricks":1,"minecraft:light_blue_stained_glass":4,"biomesoplenty:black_sandstone":2,"minecraft:sea_lantern":12,"minecraft:iron_axe":56,"minecraft:smooth_quartz":908,"minecraft:stone_bricks":2,"minecraft:written_book":2,"alexsmobs:banana":1,"immersive_aircraft:biplane":1,"minecraft:water_bucket":36,"minecraft:yellow_shulker_box":6,"framedblocks:framed_cube":1,"biomesoplenty:umbran_sign":1,"minecraft:smooth_quartz_stairs":24,"minecraft:tnt":4,"minecraft:painting":1,"minecraft:lime_shulker_box":11,"minecraft:gray_concrete":6,"tacz:target":1,"minecraft:dark_oak_door":2,"minecraft:redstone_torch":2,"minecraft:oak_log":1,"mcwdoors:garage_black_door":8,"minecraft:lever":2,"minecraft:black_concrete":81,"minecraft:bread":5,"minecraft:iron_pickaxe":238,"minecraft:spruce_trapdoor":1,"minecraft:stone_axe":77,"minecraft:cobblestone":24,"minecraft:pink_shulker_box":1,"minecraft:bucket":35},"minecraft:picked_up":{"minecraft:wooden_axe":1,"minecraft:anvil":1,"minecraft:lead":1,"securitycraft:taser":1,"jdcoin:tarjeta_de_credito":8,"minecraft:string":2,"minecraft:iron_axe":1,"tacz:ammo":2,"minecraft:iron_shovel":1,"minecraft:pink_shulker_box":2,"framedblocks:framed_cube":1,"alexsmobs:banana":1,"minecraft:spruce_planks":7,"minecraft:beef":172,"minecraft:redstone_torch":2,"minecraft:written_book":1,"tacz:target":1,"minecraft:poppy":1,"minecraft:smooth_quartz":63,"minecraft:spruce_trapdoor":1,"minecraft:phantom_membrane":1,"minecraft:lime_shulker_box":15,"minecraft:sandstone":9,"minecraft:glow_item_frame":1,"minecraft:oak_fence":64,"biomesoplenty:chiseled_brimstone_bricks":2,"tacz:statue":1,"minecraft:porkchop":156,"tacz:attachment":8,"minecraft:carrot":61,"jdcoin:vip":1,"securitycraft:remote_access_mine":1,"minecraft:tnt":12,"minecraft:arrow":8,"minecraft:rotten_flesh":8,"minecraft:iron_block":4,"minecraft:white_shulker_box":4,"minecraft:cobblestone":74,"biomesoplenty:black_sandstone":2,"minecraft:yellow_shulker_box":9,"minecraft:water_bucket":1,"minecraft:leather":72,"minecraft:oak_log":1,"minecraft:gunpowder":4,"minecraft:gray_concrete":6,"minecraft:dirt":544,"minecraft:paper":2,"biomesoplenty:umbran_sign":1,"minecraft:name_tag":1,"minecraft:bone":8,"minecraft:stone_bricks":2,"minecraft:wheat_seeds":14,"securitycraft:cobblestone_mine":1,"minecraft:iron_sword":1,"jdcoin:jd_coin":5889,"minecraft:oak_planks":6,"securitycraft:dirt_mine":1,"minecraft:dandelion":4,"minecraft:sand":1,"sophisticatedbackpacks:iron_backpack":1,"minecraft:ink_sac":3,"minecraft:light_blue_stained_glass":192,"alexsmobs:animal_dictionary":1,"jdcoin:donmartillo_block":1,"minecraft:shulker_box":9,"minecraft:spider_eye":5,"minecraft:slime_ball":190,"tacz:modern_kinetic_gun":5,"minecraft:black_concrete":3,"minecraft:lever":2,"minecraft:writable_book":2,"minecraft:painting":6,"mcwdoors:garage_black_door":8,"jdcoin:reliquia_de_jd_coin":448},"minecraft:killed_by":{"minecraft:player":15,"alexsmobs:cachalot_whale":1},"minecraft:killed":{"minecraft:spider":5,"minecraft:phantom":2,"minecraft:skeleton":6,"minecraft:pig":48,"minecraft:zombie_villager":1,"minecraft:creeper":2,"minecraft:zombie":12,"minecraft:cow":82},"minecraft:custom":{"minecraft:mob_kills":159,"minecraft:interact_with_anvil":3,"minecraft:open_shulker_box":122,"minecraft:damage_dealt_resisted":7,"minecraft:leave_game":14,"minecraft:time_since_death":121562,"minecraft:sprint_one_cm":925008,"minecraft:walk_one_cm":858869,"minecraft:drop":170,"minecraft:play_time":363772,"minecraft:deaths":18,"minecraft:sneak_time":12065,"minecraft:walk_under_water_one_cm":2431,"minecraft:jump":7426,"minecraft:walk_on_water_one_cm":20846,"minecraft:total_world_time":363772,"minecraft:interact_with_furnace":1,"minecraft:time_since_rest":121592,"minecraft:damage_taken":6776,"minecraft:damage_dealt":18827,"minecraft:swim_one_cm":19563,"minecraft:fly_one_cm":1305803,"minecraft:player_kills":1,"minecraft:open_chest":125,"minecraft:crouch_one_cm":51116,"minecraft:fall_one_cm":110942}},"DataVersion":3465}