{"stats":{"minecraft:broken":{"minecraft:stone_sword":1,"minecraft:stone_axe":1,"minecraft:iron_boots":1,"minecraft:iron_helmet":1},"minecraft:used":{"minecraft:iron_shovel":230,"minecraft:writable_book":51,"minecraft:stone_sword":148,"minecraft:yellow_shulker_box":6,"minecraft:spruce_planks":1,"minecraft:white_shulker_box":3,"framedblocks:framed_cube":1,"biomesoplenty:umbran_sign":1,"tacz:statue":1,"minecraft:dirt":54,"minecraft:painting":1,"minecraft:gray_concrete":6,"minecraft:carrot":102,"minecraft:shulker_box":6,"minecraft:lime_shulker_box":11,"biomesoplenty:chiseled_brimstone_bricks":1,"tacz:target":1,"mcwdoors:garage_black_door":8,"biomesoplenty:black_sandstone":2,"minecraft:redstone_torch":2,"minecraft:oak_log":1,"minecraft:lever":2,"minecraft:black_concrete":1,"minecraft:iron_axe":23,"minecraft:bread":5,"minecraft:iron_pickaxe":123,"minecraft:spruce_trapdoor":1,"minecraft:smooth_quartz":156,"minecraft:stone_bricks":2,"minecraft:stone_axe":77,"minecraft:cobblestone":21,"minecraft:written_book":2,"minecraft:pink_shulker_box":1,"alexsmobs:banana":1,"immersive_aircraft:biplane":1},"minecraft:mined":{"refurbished_furniture:light_ceiling_light":1,"minecraft:pink_shulker_box":1,"minecraft:spruce_planks":1,"minecraft:gray_concrete":6,"minecraft:dandelion":1,"minecraft:shulker_box":6,"biomesoplenty:black_sandstone":5,"minecraft:grass_block":238,"minecraft:poppy":1,"minecraft:cobblestone":7,"minecraft:tall_grass":15,"minecraft:lime_shulker_box":12,"minecraft:fire":4,"minecraft:black_concrete":2,"minecraft:tnt":5,"minecraft:grass":28,"minecraft:oak_log":1,"minecraft:smooth_quartz":3,"minecraft:dirt":11,"minecraft:white_shulker_box":2,"minecraft:stone_bricks":2,"minecraft:stone":66,"minecraft:iron_block":4,"minecraft:yellow_shulker_box":4,"minecraft:redstone_wall_torch":1},"minecraft:killed_by":{"minecraft:player":15,"alexsmobs:cachalot_whale":1},"minecraft:dropped":{"minecraft:porkchop":92,"minecraft:wheat_seeds":14,"alexsmobs:animal_dictionary":2,"minecraft:tnt":4,"minecraft:lime_shulker_box":2,"minecraft:rotten_flesh":4,"biomesoplenty:chiseled_brimstone_bricks":1,"minecraft:cobblestone":11,"minecraft:glow_item_frame":1,"minecraft:oak_planks":6,"minecraft:leather":72,"minecraft:shulker_box":2,"minecraft:carrot":64,"jdcoin:reliquia_de_jd_coin":128,"minecraft:poppy":1,"minecraft:iron_block":4,"minecraft:dirt":24,"jdcoin:tarjeta_de_credito":7,"minecraft:gunpowder":3,"minecraft:wooden_axe":1,"minecraft:pink_shulker_box":1,"minecraft:spider_eye":4,"minecraft:writable_book":2,"tacz:modern_kinetic_gun":3,"minecraft:painting":5,"minecraft:slime_ball":448,"minecraft:arrow":8,"minecraft:beef":172,"minecraft:paper":2,"minecraft:string":1,"jdcoin:jd_coin":2817,"minecraft:dandelion":4,"minecraft:bone":6},"minecraft:custom":{"minecraft:interact_with_furnace":1,"minecraft:interact_with_anvil":2,"minecraft:mob_kills":148,"minecraft:open_shulker_box":121,"minecraft:damage_dealt_resisted":7,"minecraft:leave_game":11,"minecraft:time_since_death":23126,"minecraft:time_since_rest":23156,"minecraft:sprint_one_cm":676200,"minecraft:damage_taken":6381,"minecraft:walk_one_cm":556571,"minecraft:drop":151,"minecraft:damage_dealt":16673,"minecraft:player_kills":1,"minecraft:swim_one_cm":4995,"minecraft:fly_one_cm":1039310,"minecraft:open_chest":54,"minecraft:play_time":265336,"minecraft:crouch_one_cm":20651,"minecraft:deaths":18,"minecraft:sneak_time":6418,"minecraft:walk_under_water_one_cm":716,"minecraft:jump":6227,"minecraft:walk_on_water_one_cm":5960,"minecraft:total_world_time":265336,"minecraft:fall_one_cm":85665},"minecraft:picked_up":{"minecraft:wooden_axe":1,"biomesoplenty:black_sandstone":2,"minecraft:yellow_shulker_box":9,"minecraft:leather":72,"jdcoin:tarjeta_de_credito":8,"minecraft:oak_log":1,"minecraft:gunpowder":3,"minecraft:gray_concrete":6,"minecraft:string":1,"minecraft:dirt":271,"minecraft:paper":2,"minecraft:iron_axe":1,"biomesoplenty:umbran_sign":1,"tacz:ammo":2,"minecraft:bone":6,"minecraft:pink_shulker_box":2,"minecraft:stone_bricks":2,"framedblocks:framed_cube":1,"minecraft:wheat_seeds":14,"minecraft:smooth_quartz":3,"alexsmobs:banana":1,"minecraft:spruce_planks":1,"minecraft:beef":172,"minecraft:redstone_torch":2,"minecraft:written_book":1,"tacz:target":1,"minecraft:poppy":1,"jdcoin:jd_coin":5889,"minecraft:iron_sword":1,"minecraft:oak_planks":6,"minecraft:spruce_trapdoor":1,"minecraft:lime_shulker_box":14,"minecraft:glow_item_frame":1,"minecraft:dandelion":4,"biomesoplenty:chiseled_brimstone_bricks":2,"tacz:statue":1,"minecraft:porkchop":156,"tacz:attachment":8,"sophisticatedbackpacks:iron_backpack":1,"minecraft:carrot":61,"jdcoin:vip":1,"minecraft:shulker_box":9,"minecraft:spider_eye":4,"alexsmobs:animal_dictionary":1,"minecraft:tnt":8,"minecraft:arrow":8,"minecraft:rotten_flesh":6,"minecraft:slime_ball":190,"minecraft:black_concrete":1,"tacz:modern_kinetic_gun":5,"minecraft:lever":2,"minecraft:writable_book":2,"minecraft:iron_block":4,"minecraft:painting":6,"mcwdoors:garage_black_door":8,"jdcoin:reliquia_de_jd_coin":448,"minecraft:white_shulker_box":4,"minecraft:cobblestone":33},"minecraft:killed":{"minecraft:pig":48,"minecraft:spider":1,"minecraft:creeper":1,"minecraft:skeleton":5,"minecraft:zombie":10,"minecraft:cow":82}},"DataVersion":3465}