{"stats":{"minecraft:broken":{"minecraft:iron_shovel":1,"minecraft:stone_sword":1,"minecraft:iron_boots":1,"minecraft:stone_axe":1,"minecraft:iron_helmet":1},"minecraft:used":{"minecraft:writable_book":51,"minecraft:stone_sword":148,"minecraft:iron_shovel":443,"minecraft:spruce_planks":1,"minecraft:white_shulker_box":3,"tacz:statue":1,"minecraft:dirt":55,"minecraft:carrot":106,"minecraft:shulker_box":6,"biomesoplenty:chiseled_brimstone_bricks":1,"biomesoplenty:black_sandstone":2,"minecraft:iron_axe":25,"minecraft:smooth_quartz":311,"minecraft:stone_bricks":2,"minecraft:written_book":2,"alexsmobs:banana":1,"immersive_aircraft:biplane":1,"minecraft:water_bucket":36,"minecraft:yellow_shulker_box":6,"framedblocks:framed_cube":1,"biomesoplenty:umbran_sign":1,"minecraft:lime_shulker_box":11,"minecraft:gray_concrete":6,"minecraft:painting":1,"tacz:target":1,"minecraft:redstone_torch":2,"minecraft:oak_log":1,"mcwdoors:garage_black_door":8,"minecraft:lever":2,"minecraft:black_concrete":11,"minecraft:bread":5,"minecraft:iron_pickaxe":148,"minecraft:spruce_trapdoor":1,"minecraft:stone_axe":77,"minecraft:cobblestone":21,"minecraft:bucket":35,"minecraft:pink_shulker_box":1},"minecraft:mined":{"minecraft:pink_shulker_box":1,"minecraft:spruce_planks":1,"minecraft:shulker_box":6,"minecraft:grass_block":317,"minecraft:sandstone":9,"minecraft:fire":4,"minecraft:black_concrete":2,"minecraft:white_shulker_box":2,"minecraft:stone":69,"minecraft:iron_block":4,"minecraft:yellow_shulker_box":4,"minecraft:redstone_wall_torch":1,"refurbished_furniture:light_ceiling_light":1,"minecraft:gray_concrete":6,"minecraft:dandelion":1,"biomesoplenty:black_sandstone":5,"minecraft:poppy":1,"minecraft:tall_grass":15,"minecraft:cobblestone":18,"minecraft:lime_shulker_box":12,"minecraft:tnt":5,"minecraft:grass":28,"minecraft:oak_log":1,"minecraft:dirt":154,"minecraft:smooth_quartz":3,"minecraft:stone_bricks":2},"minecraft:killed_by":{"minecraft:player":15,"alexsmobs:cachalot_whale":1},"minecraft:custom":{"minecraft:mob_kills":149,"minecraft:interact_with_anvil":2,"minecraft:open_shulker_box":121,"minecraft:damage_dealt_resisted":7,"minecraft:leave_game":11,"minecraft:time_since_death":35126,"minecraft:sprint_one_cm":715654,"minecraft:walk_one_cm":605074,"minecraft:drop":155,"minecraft:play_time":277336,"minecraft:deaths":18,"minecraft:sneak_time":7282,"minecraft:walk_under_water_one_cm":716,"minecraft:jump":6446,"minecraft:walk_on_water_one_cm":6659,"minecraft:total_world_time":277336,"minecraft:interact_with_furnace":1,"minecraft:time_since_rest":35156,"minecraft:damage_taken":6381,"minecraft:damage_dealt":16843,"minecraft:swim_one_cm":4995,"minecraft:fly_one_cm":1091126,"minecraft:player_kills":1,"minecraft:open_chest":58,"minecraft:crouch_one_cm":26287,"minecraft:fall_one_cm":92202},"minecraft:dropped":{"minecraft:porkchop":92,"minecraft:wheat_seeds":14,"minecraft:tnt":4,"minecraft:lime_shulker_box":2,"minecraft:cobblestone":12,"biomesoplenty:chiseled_brimstone_bricks":1,"minecraft:glow_item_frame":1,"minecraft:leather":72,"jdcoin:reliquia_de_jd_coin":128,"jdcoin:tarjeta_de_credito":7,"minecraft:iron_block":4,"minecraft:dirt":173,"minecraft:wooden_axe":1,"minecraft:writable_book":2,"tacz:modern_kinetic_gun":3,"minecraft:paper":2,"minecraft:string":1,"jdcoin:jd_coin":2817,"minecraft:dandelion":4,"minecraft:bone":6,"alexsmobs:animal_dictionary":2,"minecraft:rotten_flesh":4,"minecraft:oak_planks":6,"minecraft:shulker_box":2,"minecraft:carrot":64,"minecraft:poppy":1,"minecraft:gunpowder":3,"minecraft:pink_shulker_box":1,"minecraft:spider_eye":4,"minecraft:painting":5,"minecraft:slime_ball":448,"minecraft:arrow":8,"minecraft:beef":172},"minecraft:picked_up":{"minecraft:wooden_axe":1,"jdcoin:tarjeta_de_credito":8,"minecraft:string":1,"minecraft:iron_axe":1,"tacz:ammo":2,"minecraft:iron_shovel":1,"minecraft:pink_shulker_box":2,"framedblocks:framed_cube":1,"alexsmobs:banana":1,"minecraft:spruce_planks":1,"minecraft:beef":172,"minecraft:written_book":1,"minecraft:redstone_torch":2,"tacz:target":1,"minecraft:poppy":1,"minecraft:smooth_quartz":3,"minecraft:spruce_trapdoor":1,"minecraft:lime_shulker_box":14,"minecraft:sandstone":9,"minecraft:glow_item_frame":1,"biomesoplenty:chiseled_brimstone_bricks":2,"minecraft:porkchop":156,"tacz:statue":1,"tacz:attachment":8,"minecraft:carrot":61,"jdcoin:vip":1,"minecraft:tnt":8,"minecraft:arrow":8,"minecraft:rotten_flesh":8,"minecraft:iron_block":4,"minecraft:white_shulker_box":4,"minecraft:cobblestone":47,"biomesoplenty:black_sandstone":2,"minecraft:yellow_shulker_box":9,"minecraft:water_bucket":1,"minecraft:leather":72,"minecraft:oak_log":1,"minecraft:gunpowder":3,"minecraft:gray_concrete":6,"minecraft:dirt":493,"minecraft:paper":2,"biomesoplenty:umbran_sign":1,"minecraft:bone":6,"minecraft:stone_bricks":2,"minecraft:wheat_seeds":14,"minecraft:oak_planks":6,"jdcoin:jd_coin":5889,"minecraft:iron_sword":1,"minecraft:dandelion":4,"sophisticatedbackpacks:iron_backpack":1,"alexsmobs:animal_dictionary":1,"minecraft:spider_eye":4,"minecraft:shulker_box":9,"minecraft:slime_ball":190,"minecraft:black_concrete":1,"tacz:modern_kinetic_gun":5,"minecraft:lever":2,"minecraft:writable_book":2,"minecraft:painting":6,"mcwdoors:garage_black_door":8,"jdcoin:reliquia_de_jd_coin":448},"minecraft:killed":{"minecraft:spider":1,"minecraft:skeleton":5,"minecraft:pig":48,"minecraft:creeper":1,"minecraft:zombie":11,"minecraft:cow":82}},"DataVersion":3465}