{"stats":{"minecraft:broken":{"minecraft:iron_boots":1,"minecraft:iron_leggings":1,"minecraft:stone_axe":1,"minecraft:iron_pickaxe":1,"minecraft:iron_helmet":2},"minecraft:crafted":{"minecraft:oak_planks":644,"minecraft:iron_boots":1,"minecraft:iron_axe":1,"framedblocks:framed_screwdriver":1,"minecraft:chest":6,"minecraft:stone_hoe":1,"minecraft:diamond_sword":1,"minecraft:emerald":42,"minecraft:crafting_table":3,"minecraft:spruce_planks":188,"minecraft:iron_helmet":1,"minecraft:air":0,"framedblocks:framed_cube":4,"minecraft:shield":1,"minecraft:stick":1438,"minecraft:iron_ingot":82,"minecraft:iron_pickaxe":2,"cfm:oak_bedside_cabinet":2,"minecraft:iron_leggings":1,"minecraft:torch":20,"minecraft:diamond_chestplate":1},"minecraft:mined":{"minecraft:tuff":5,"minecraft:deepslate_diamond_ore":1,"minecraft:light_blue_concrete":3,"minecraft:sculk_vein":5,"minecraft:shulker_box":7,"minecraft:cave_vines_plant":7,"minecraft:stone_brick_wall":1,"minecraft:grass_block":126,"refurbished_furniture:black_toilet":1,"minecraft:white_concrete":17,"minecraft:polished_diorite":7,"minecraft:composter":1,"minecraft:moss_block":15,"minecraft:spawner":2,"minecraft:glowstone":3,"minecraft:sculk_catalyst":2,"minecraft:carrots":14,"biomesoplenty:palm_leaves":1,"minecraft:iron_ore":4,"minecraft:cobbled_deepslate":1,"biomesoplenty:violet":1,"minecraft:moss_carpet":2,"minecraft:deepslate_lapis_ore":2,"minecraft:pumpkin":2,"minecraft:fletching_table":5,"minecraft:big_dripleaf_stem":3,"minecraft:azure_bluet":1,"minecraft:pointed_dripstone":1,"minecraft:vine":3,"minecraft:cave_vines":16,"minecraft:deepslate_iron_ore":11,"minecraft:water_cauldron":1,"biomesoplenty:webbing":2,"minecraft:stripped_oak_log":1,"minecraft:azalea":10,"minecraft:stone":121,"minecraft:iron_block":9,"minecraft:white_wool":1,"minecraft:redstone_wall_torch":2,"minecraft:orange_bed":2,"minecraft:deepslate_redstone_ore":53,"framedblocks:framed_door":1,"minecraft:oak_slab":5,"minecraft:light_blue_shulker_box":7,"minecraft:flowering_azalea":11,"minecraft:gray_concrete":2,"minecraft:red_bed":1,"minecraft:lily_of_the_valley":2,"minecraft:dandelion":5,"minecraft:spruce_door":2,"minecraft:clay":2,"minecraft:crafting_table":3,"minecraft:torch":25,"biomesoplenty:black_sandstone":1,"minecraft:poppy":11,"minecraft:chest":6,"minecraft:sculk_sensor":2,"framedblocks:framed_cube":13,"minecraft:tall_grass":238,"minecraft:cobblestone":9,"minecraft:cauldron":1,"biomesoplenty:sprout":4,"minecraft:oak_planks":4,"minecraft:deepslate_gold_ore":23,"minecraft:sculk":65,"minecraft:bricks":4,"minecraft:wall_torch":28,"minecraft:big_dripleaf":14,"minecraft:green_shulker_box":1,"minecraft:redstone_torch":1,"minecraft:lilac":1,"minecraft:spruce_log":49,"biomesoplenty:maple_leaves":14,"minecraft:black_wool":1,"minecraft:grass":305,"minecraft:coal_ore":27,"minecraft:oak_log":165,"minecraft:gravel":12,"minecraft:dirt":84,"minecraft:sunflower":1,"minecraft:yellow_concrete":1,"minecraft:dripstone_block":1,"biomesoplenty:stringy_cobweb":1,"minecraft:cobweb":19,"minecraft:stone_bricks":4,"minecraft:small_dripleaf":6,"cfm:oak_bedside_cabinet":1,"minecraft:deepslate":22,"minecraft:oak_leaves":6,"minecraft:fern":8},"minecraft:used":{"minecraft:moss_block":6,"minecraft:moss_carpet":2,"minecraft:iron_shovel":220,"minecraft:writable_book":5,"minecraft:stone_sword":9,"minecraft:poppy":6,"minecraft:chest":10,"minecraft:shield":32,"minecraft:stone":2,"securitycraft:keypad_door_item":2,"minecraft:rotten_flesh":1,"minecraft:stone_hoe":31,"minecraft:orange_bed":2,"minecraft:torch":118,"minecraft:dirt":181,"minecraft:lily_of_the_valley":2,"minecraft:carrot":182,"minecraft:shulker_box":7,"minecraft:tuff":2,"minecraft:azure_bluet":1,"minecraft:big_dripleaf":7,"minecraft:lava_bucket":14,"cfm:oak_bedside_cabinet":3,"minecraft:bricks":4,"minecraft:iron_axe":314,"minecraft:iron_helmet":3,"minecraft:iron_boots":3,"minecraft:diamond_chestplate":1,"minecraft:stone_bricks":3,"minecraft:beef":27,"minecraft:written_book":6,"alexsmobs:banana":1,"minecraft:cobbled_deepslate":1,"minecraft:iron_leggings":2,"minecraft:light_blue_shulker_box":7,"minecraft:water_bucket":10,"minecraft:spruce_door":1,"framedblocks:framed_door":2,"minecraft:oak_planks":36,"minecraft:cauldron":1,"refurbished_furniture:black_toilet":1,"minecraft:fletching_table":4,"framedblocks:framed_cube":11,"minecraft:white_wool":1,"minecraft:glow_item_frame":2,"minecraft:light_blue_concrete":1,"minecraft:oak_slab":4,"minecraft:crafting_table":5,"minecraft:gray_concrete":2,"minecraft:redstone_torch":1,"minecraft:lever":1,"minecraft:black_wool":1,"minecraft:iron_pickaxe":538,"minecraft:iron_door":1,"minecraft:stone_axe":204,"minecraft:diamond_sword":204,"minecraft:green_shulker_box":1,"minecraft:cobblestone":96,"minecraft:bucket":24,"minecraft:dandelion":4,"minecraft:white_concrete":9,"alexsmobs:animal_dictionary":1},"minecraft:killed_by":{"minecraft:player":28,"alexsmobs:centipede_head":1,"minecraft:zombie":1},"minecraft:custom":{"minecraft:interact_with_anvil":1,"minecraft:mob_kills":36,"minecraft:interact_with_crafting_table":24,"minecraft:open_barrel":1,"minecraft:fill_cauldron":3,"minecraft:open_shulker_box":108,"minecraft:damage_dealt_resisted":72,"minecraft:leave_game":9,"minecraft:time_since_death":3650,"minecraft:climb_one_cm":879,"minecraft:sprint_one_cm":872149,"minecraft:walk_one_cm":1103865,"minecraft:damage_blocked_by_shield":1949,"minecraft:drop":489,"minecraft:damage_dealt_absorbed":40,"minecraft:talked_to_villager":20,"minecraft:play_time":400196,"minecraft:sneak_time":3444,"minecraft:deaths":44,"minecraft:walk_under_water_one_cm":38589,"minecraft:boat_one_cm":31050,"minecraft:jump":6856,"minecraft:walk_on_water_one_cm":59933,"minecraft:total_world_time":400196,"minecraft:interact_with_furnace":6,"minecraft:traded_with_villager":42,"minecraft:sleep_in_bed":3,"minecraft:time_since_rest":3677,"minecraft:damage_taken":13535,"minecraft:damage_dealt":6724,"minecraft:player_kills":1,"minecraft:swim_one_cm":53894,"minecraft:fly_one_cm":1193474,"minecraft:open_chest":138,"minecraft:crouch_one_cm":10975,"minecraft:fall_one_cm":150427,"minecraft:use_cauldron":2},"minecraft:dropped":{"sophisticatedbackpacks:iron_backpack":1,"minecraft:blue_shulker_box":1,"sophisticatedbackpacks:stack_upgrade_tier_3":1,"minecraft:wheat_seeds":12,"minecraft:lapis_lazuli":8,"minecraft:lilac":1,"minecraft:oak_log":28,"minecraft:crafting_table":3,"minecraft:cobblestone":11,"framedblocks:framed_cube":3,"minecraft:green_shulker_box":1,"minecraft:fletching_table":2,"minecraft:spruce_door":2,"minecraft:stick":32,"jdcoin:reliquia_de_jd_coin":128,"minecraft:dirt":18,"minecraft:ink_sac":1,"minecraft:torch":4,"immersive_aircraft:airship":1,"minecraft:writable_book":4,"minecraft:iron_axe":1,"minecraft:iron_pickaxe":2,"jdcoin:jd_coin":1794,"minecraft:bone":8,"minecraft:stone_axe":1,"minecraft:moss_carpet":2,"minecraft:stone_sword":1,"alexsmobs:animal_dictionary":4,"minecraft:tuff":1,"minecraft:raw_iron":3,"minecraft:pointed_dripstone":1,"minecraft:rotten_flesh":19,"minecraft:clay_ball":4,"minecraft:oak_planks":28,"minecraft:glowstone_dust":2,"minecraft:shulker_box":1,"minecraft:salmon":1,"sophisticatedbackpacks:diamond_backpack":2,"minecraft:carrot":88,"minecraft:diamond_sword":2,"man_of_many_planes:scarlet_biplane":1,"minecraft:chest":2,"minecraft:leather_leggings":2,"minecraft:spider_eye":1,"minecraft:arrow":5,"minecraft:raw_gold":18,"alexsmobs:banana":3,"immersive_aircraft:cargo_airship":1,"framedblocks:framed_screwdriver":1},"minecraft:picked_up":{"minecraft:charcoal":128,"minecraft:crafting_table":5,"minecraft:light_blue_concrete":1,"minecraft:azure_bluet":1,"minecraft:clay_ball":8,"minecraft:leather_leggings":2,"framedblocks:framed_door":93,"minecraft:diamond_sword":2,"jdcoin:tarjeta_de_credito":6,"minecraft:shield":1,"minecraft:moss_carpet":4,"minecraft:iron_axe":2,"minecraft:iron_leggings":1,"minecraft:iron_shovel":2,"framedblocks:framed_cube":11,"minecraft:cobbled_deepslate":23,"alexsmobs:banana":5,"cfm:oak_bedside_cabinet":1,"minecraft:beef":64,"minecraft:redstone_torch":1,"minecraft:written_book":2,"minecraft:azalea":24,"minecraft:poppy":18,"minecraft:iron_pickaxe":4,"minecraft:blue_shulker_box":1,"minecraft:chest":8,"minecraft:phantom_membrane":1,"minecraft:stick":86,"minecraft:raw_iron":41,"minecraft:stone":3,"minecraft:glow_item_frame":2,"minecraft:big_dripleaf":64,"minecraft:torch":189,"minecraft:pointed_dripstone":3,"minecraft:carrot":240,"minecraft:redstone":238,"jdcoin:vip":6,"alexsmobs:centipede_leg":3,"minecraft:cauldron":2,"minecraft:orange_bed":2,"sophisticatedbackpacks:stack_upgrade_tier_3":2,"minecraft:stone_sword":1,"minecraft:arrow":14,"minecraft:rotten_flesh":35,"minecraft:iron_block":9,"minecraft:saddle":2,"minecraft:glow_berries":15,"securitycraft:keypad_door_item":2,"minecraft:white_wool":1,"minecraft:cobblestone":135,"minecraft:stripped_oak_log":1,"refurbished_furniture:black_toilet":1,"minecraft:lilac":1,"minecraft:iron_door":1,"minecraft:water_bucket":2,"minecraft:salmon":2,"minecraft:flint":1,"minecraft:tuff":3,"minecraft:oak_log":192,"minecraft:green_shulker_box":2,"minecraft:gray_concrete":2,"minecraft:lapis_lazuli":32,"minecraft:dirt":202,"minecraft:bone":11,"minecraft:stone_bricks":3,"minecraft:wheat_seeds":128,"minecraft:raw_gold":40,"alexsmobs:cockroach_wing_fragment":2,"minecraft:iron_ingot":158,"minecraft:fletching_table":8,"minecraft:glowstone_dust":2,"minecraft:moss_block":24,"jdcoin:jd_coin":1648,"minecraft:stone_hoe":2,"minecraft:oak_planks":157,"minecraft:flowering_azalea":33,"sophisticatedbackpacks:diamond_backpack":3,"minecraft:oak_slab":4,"minecraft:pumpkin":1,"minecraft:music_disc_13":2,"minecraft:dandelion":4,"minecraft:dripstone_block":1,"minecraft:gravel":11,"minecraft:lava_bucket":1,"minecraft:light_blue_shulker_box":8,"sophisticatedbackpacks:iron_backpack":1,"minecraft:ink_sac":1,"minecraft:spruce_log":47,"minecraft:lily_of_the_valley":2,"minecraft:shulker_box":9,"minecraft:spruce_door":3,"minecraft:spider_eye":1,"alexsmobs:animal_dictionary":3,"minecraft:iron_helmet":1,"minecraft:slime_ball":128,"minecraft:diamond":13,"minecraft:stone_axe":1,"minecraft:lever":1,"minecraft:writable_book":4,"minecraft:chainmail_leggings":2,"sophisticatedbackpacks:advanced_feeding_upgrade":1,"minecraft:white_concrete":12,"minecraft:emerald":12,"jdcoin:reliquia_de_jd_coin":195,"minecraft:black_wool":1,"minecraft:bricks":4,"minecraft:coal":65},"minecraft:killed":{"alexsmobs:raccoon":2,"minecraft:spider":1,"alexsmobs:tasmanian_devil":4,"minecraft:phantom":1,"minecraft:skeleton":8,"minecraft:chicken":1,"minecraft:squid":1,"minecraft:zombie":14,"alexsmobs:cockroach":1,"alexsmobs:crow":1}},"DataVersion":3465}