{"stats":{"minecraft:dropped":{"biomesoplenty:fir_log":2,"sophisticatedbackpacks:iron_backpack":1,"minecraft:blue_shulker_box":1,"minecraft:birch_planks":8,"sophisticatedbackpacks:stack_upgrade_tier_3":1,"minecraft:lapis_lazuli":8,"minecraft:oak_log":28,"minecraft:crafting_table":4,"immersive_aircraft:hull":1,"framedblocks:framed_cube":3,"minecraft:green_shulker_box":1,"minecraft:fletching_table":2,"minecraft:saddle":1,"securitycraft:cobblestone_mine":2,"minecraft:cobblestone_stairs":4,"jdcoin:reliquia_de_jd_coin":128,"minecraft:dirt":25,"immersive_aircraft:airship":1,"minecraft:writable_book":4,"minecraft:iron_pickaxe":2,"minecraft:cauldron":2,"minecraft:bone":15,"minecraft:gravel":67,"securitycraft:remote_access_mine":2,"minecraft:stone_axe":1,"securitycraft:dirt_mine":1,"alexsmobs:animal_dictionary":4,"minecraft:obsidian":1,"minecraft:pointed_dripstone":1,"minecraft:rotten_flesh":22,"securitycraft:taser":1,"minecraft:oak_planks":78,"minecraft:glowstone_dust":2,"sophisticatedbackpacks:diamond_backpack":2,"minecraft:salmon":2,"minecraft:carrot":88,"minecraft:chest":2,"minecraft:leather_leggings":2,"minecraft:arrow":13,"alexsmobs:banana":3,"immersive_aircraft:cargo_airship":1,"minecraft:netherrack":1,"minecraft:black_dye":1,"minecraft:wheat_seeds":12,"minecraft:lilac":1,"minecraft:tnt":7,"minecraft:feather":4,"minecraft:cobblestone":11,"minecraft:spruce_door":2,"minecraft:stick":32,"minecraft:lava_bucket":1,"minecraft:ink_sac":1,"minecraft:torch":7,"minecraft:iron_axe":1,"minecraft:string":2,"jdcoin:jd_coin":2562,"minecraft:moss_carpet":2,"minecraft:stone_sword":1,"minecraft:tuff":1,"minecraft:raw_iron":3,"minecraft:clay_ball":4,"minecraft:shulker_box":1,"minecraft:diamond_sword":2,"minecraft:big_dripleaf":1,"alexsmobs:cockroach_wing_fragment":1,"minecraft:diamond_pickaxe":1,"man_of_many_planes:scarlet_biplane":1,"minecraft:spider_eye":1,"minecraft:bow":1,"minecraft:raw_gold":18,"framedblocks:framed_screwdriver":1},"minecraft:mined":{"securitycraft:mine":1,"minecraft:spruce_planks":4,"minecraft:light_blue_concrete":4,"minecraft:cobblestone_stairs":1,"minecraft:sculk_vein":6,"minecraft:obsidian":15,"minecraft:spruce_trapdoor":1,"minecraft:cave_vines_plant":7,"minecraft:granite":2,"minecraft:grass_block":183,"minecraft:stone_brick_wall":1,"minecraft:white_concrete":19,"minecraft:polished_diorite":7,"minecraft:composter":1,"chipped:wide_lantern":1,"minecraft:spawner":2,"framedblocks:framed_fence":1,"minecraft:tall_seagrass":1,"minecraft:glowstone":3,"minecraft:sculk_catalyst":2,"biomesoplenty:palm_leaves":2,"minecraft:fire":41,"minecraft:iron_ore":32,"minecraft:cobbled_deepslate":2,"biomesoplenty:violet":2,"minecraft:pumpkin":2,"minecraft:moss_carpet":2,"minecraft:fletching_table":15,"minecraft:deepslate_lapis_ore":6,"minecraft:azure_bluet":1,"biomesoplenty:hanging_cobweb":1,"minecraft:pointed_dripstone":5,"minecraft:cave_vines":16,"minecraft:dirt_path":4,"minecraft:water_cauldron":3,"biomesoplenty:webbing":3,"minecraft:azalea":10,"minecraft:iron_block":10,"minecraft:tripwire":2,"minecraft:orange_bed":2,"minecraft:netherite_block":1,"minecraft:deepslate_redstone_ore":53,"framedblocks:framed_door":1,"minecraft:red_bed":1,"minecraft:clay":2,"minecraft:torch":25,"biomesoplenty:black_sandstone":3,"minecraft:blast_furnace":4,"minecraft:poppy":17,"minecraft:chest":6,"framedblocks:framed_cube":13,"minecraft:cobblestone":40,"minecraft:grindstone":4,"minecraft:oak_planks":17,"minecraft:bricks":4,"minecraft:wall_torch":42,"minecraft:cauldron":4,"minecraft:birch_sapling":1,"minecraft:seagrass":3,"minecraft:nether_wart_block":1,"minecraft:birch_log":19,"minecraft:lilac":6,"biomesoplenty:maple_leaves":50,"minecraft:black_bed":2,"minecraft:tnt":1,"biomesoplenty:fir_log":2,"minecraft:stone_brick_stairs":2,"minecraft:grass":562,"minecraft:oak_log":503,"minecraft:sand":1,"minecraft:dirt":109,"minecraft:stonecutter":3,"minecraft:netherrack":1,"framedblocks:framed_slab":1,"minecraft:oak_leaves":29,"minecraft:deepslate":75,"minecraft:infested_deepslate":3,"minecraft:diamond_ore":1,"minecraft:tuff":5,"minecraft:mossy_cobblestone":1,"minecraft:deepslate_diamond_ore":5,"minecraft:shulker_box":7,"refurbished_furniture:black_toilet":1,"minecraft:spruce_leaves":2,"minecraft:moss_block":15,"minecraft:carrots":26,"minecraft:andesite":2,"minecraft:big_dripleaf_stem":3,"minecraft:gold_block":1,"minecraft:deepslate_iron_ore":37,"minecraft:vine":3,"minecraft:stripped_oak_log":1,"securitycraft:cobblestone_mine":1,"biomesoplenty:spider_egg":4,"minecraft:stone":179,"minecraft:white_wool":1,"minecraft:redstone_wall_torch":2,"minecraft:smithing_table":4,"minecraft:oak_slab":5,"minecraft:light_blue_shulker_box":7,"minecraft:flowering_azalea":11,"minecraft:gray_concrete":2,"minecraft:lily_of_the_valley":6,"minecraft:dandelion":9,"minecraft:spruce_door":6,"minecraft:crafting_table":11,"minecraft:emerald_ore":1,"minecraft:rose_bush":3,"minecraft:sculk_sensor":2,"minecraft:lectern":2,"minecraft:campfire":1,"minecraft:tall_grass":377,"biomesoplenty:sprout":20,"minecraft:lapis_ore":9,"minecraft:deepslate_gold_ore":25,"minecraft:sculk":91,"minecraft:blue_bed":1,"minecraft:big_dripleaf":15,"cfm:oak_mail_box":1,"minecraft:green_shulker_box":1,"minecraft:cobblestone_wall":1,"minecraft:redstone_torch":1,"minecraft:spruce_log":53,"minecraft:birch_leaves":4,"minecraft:bee_nest":1,"securitycraft:dirt_mine":3,"minecraft:black_wool":1,"minecraft:coal_ore":27,"minecraft:dripstone_block":8,"minecraft:sunflower":3,"minecraft:gravel":53,"minecraft:yellow_concrete":1,"minecraft:gray_carpet":1,"biomesoplenty:stringy_cobweb":2,"minecraft:cobweb":21,"minecraft:stone_bricks":4,"minecraft:small_dripleaf":6,"minecraft:gold_ore":3,"cfm:oak_bedside_cabinet":1,"minecraft:fern":33},"minecraft:crafted":{"minecraft:black_dye":2,"securitycraft:mine":12,"minecraft:oak_planks":1892,"minecraft:iron_bars":16,"minecraft:diamond_helmet":1,"minecraft:diamond_leggings":1,"minecraft:bow":1,"minecraft:iron_boots":1,"immersive_aircraft:hull":1,"minecraft:chest":10,"minecraft:black_wool":1,"minecraft:stone_hoe":1,"minecraft:emerald":63,"minecraft:diamond_axe":1,"minecraft:crafting_table":6,"minecraft:spruce_planks":204,"minecraft:iron_helmet":4,"minecraft:smithing_table":2,"minecraft:birch_planks":76,"minecraft:diamond_pickaxe":1,"minecraft:shield":2,"minecraft:stick":2706,"minecraft:iron_ingot":82,"minecraft:iron_pickaxe":2,"minecraft:gold_ingot":9,"minecraft:redstone_torch":1,"minecraft:netherite_ingot":9,"securitycraft:remote_access_mine":1,"cfm:spatula":1,"minecraft:bone_meal":9,"minecraft:flint_and_steel":1,"minecraft:iron_axe":2,"minecraft:ladder":12,"framedblocks:framed_screwdriver":1,"minecraft:diamond_boots":1,"minecraft:diamond_sword":1,"securitycraft:taser":1,"securitycraft:cobblestone_mine":1,"minecraft:air":0,"securitycraft:dirt_mine":10,"framedblocks:framed_cube":4,"cfm:oak_bedside_cabinet":2,"minecraft:iron_leggings":1,"minecraft:torch":20,"minecraft:diamond_chestplate":2},"minecraft:broken":{"minecraft:diamond_helmet":1,"minecraft:iron_boots":2,"minecraft:iron_leggings":2,"minecraft:stone_axe":1,"minecraft:diamond_chestplate":1,"minecraft:shield":1,"minecraft:iron_axe":2,"minecraft:iron_pickaxe":1,"minecraft:iron_helmet":3},"minecraft:picked_up":{"minecraft:iron_chestplate":1,"minecraft:light_blue_concrete":2,"minecraft:smithing_table":4,"framedblocks:framed_door":93,"securitycraft:taser":1,"minecraft:diamond_sword":2,"minecraft:stone_brick_stairs":2,"minecraft:string":7,"minecraft:iron_leggings":1,"minecraft:armor_stand":2,"alexsmobs:blood_sac":6,"alexsmobs:banana":5,"minecraft:cobbled_deepslate":75,"cfm:oak_bedside_cabinet":1,"minecraft:redstone_torch":1,"minecraft:written_book":2,"minecraft:azalea":24,"minecraft:iron_pickaxe":4,"minecraft:stick":109,"minecraft:big_dripleaf":65,"minecraft:torch":209,"minecraft:pointed_dripstone":3,"jdcoin:vip":6,"alexsmobs:centipede_leg":5,"minecraft:cauldron":7,"securitycraft:remote_access_mine":2,"minecraft:orange_bed":2,"sophisticatedbackpacks:stack_upgrade_tier_3":2,"minecraft:stone_sword":1,"minecraft:rotten_flesh":55,"minecraft:iron_block":10,"minecraft:obsidian":15,"minecraft:cobblestone":214,"minecraft:birch_log":23,"minecraft:feather":5,"minecraft:lilac":3,"minecraft:iron_door":1,"minecraft:water_bucket":2,"minecraft:andesite":2,"minecraft:black_bed":1,"biomesoplenty:fir_log":2,"minecraft:flint":2,"minecraft:tuff":3,"minecraft:green_shulker_box":2,"minecraft:gray_concrete":2,"minecraft:lapis_lazuli":117,"minecraft:dirt":365,"minecraft:bone":27,"minecraft:stonecutter":3,"minecraft:bow":1,"minecraft:wheat_seeds":178,"securitycraft:cobblestone_mine":3,"minecraft:raw_gold":45,"minecraft:grindstone":3,"minecraft:glowstone_dust":2,"minecraft:fletching_table":18,"minecraft:moss_block":24,"minecraft:stone_hoe":2,"jdcoin:jd_coin":1648,"minecraft:oak_planks":220,"securitycraft:mine":1,"minecraft:music_disc_13":2,"securitycraft:dirt_mine":4,"minecraft:sand":3,"minecraft:light_blue_shulker_box":8,"minecraft:grass_block":1,"sophisticatedbackpacks:iron_backpack":1,"minecraft:ink_sac":3,"minecraft:lily_of_the_valley":5,"alexsmobs:animal_dictionary":3,"minecraft:shulker_box":9,"minecraft:netherite_block":1,"minecraft:diamond":82,"minecraft:lever":1,"minecraft:writable_book":4,"minecraft:granite":2,"minecraft:golden_apple":2,"sophisticatedbackpacks:advanced_feeding_upgrade":1,"minecraft:white_concrete":14,"minecraft:emerald":13,"minecraft:oak_sapling":2,"minecraft:netherrack":4,"minecraft:bricks":4,"minecraft:crimson_roots":1,"minecraft:diamond_pickaxe":1,"minecraft:charcoal":130,"minecraft:crafting_table":13,"minecraft:azure_bluet":1,"minecraft:clay_ball":8,"minecraft:leather_leggings":2,"minecraft:gold_block":1,"jdcoin:tarjeta_de_credito":6,"minecraft:shield":1,"minecraft:moss_carpet":4,"minecraft:iron_axe":2,"cfm:oak_mail_box":1,"minecraft:iron_shovel":2,"framedblocks:framed_cube":11,"minecraft:beef":64,"minecraft:poppy":24,"minecraft:lectern":2,"minecraft:blue_shulker_box":1,"minecraft:chest":8,"minecraft:birch_sapling":2,"minecraft:spruce_trapdoor":1,"minecraft:phantom_membrane":1,"minecraft:raw_iron":94,"minecraft:stone":3,"minecraft:glow_item_frame":2,"minecraft:carrot":285,"minecraft:redstone":238,"minecraft:tnt":7,"minecraft:arrow":24,"minecraft:saddle":4,"minecraft:glow_berries":15,"securitycraft:keypad_door_item":2,"minecraft:white_wool":2,"minecraft:stripped_oak_log":1,"refurbished_furniture:black_toilet":1,"minecraft:salmon":3,"minecraft:birch_planks":16,"minecraft:oak_log":528,"minecraft:cobblestone_stairs":4,"minecraft:cobblestone_wall":1,"minecraft:gunpowder":4,"minecraft:blue_bed":1,"minecraft:apple":4,"minecraft:stone_bricks":3,"alexsmobs:cockroach_wing_fragment":3,"minecraft:iron_ingot":161,"minecraft:flowering_azalea":33,"sophisticatedbackpacks:diamond_backpack":3,"minecraft:oak_slab":4,"minecraft:pumpkin":1,"minecraft:dandelion":6,"minecraft:lava_bucket":2,"minecraft:gravel":78,"minecraft:dripstone_block":1,"refurbished_furniture:light_ceiling_light":20,"minecraft:blast_furnace":4,"minecraft:spruce_log":51,"minecraft:spruce_door":7,"minecraft:spider_eye":4,"biomesoplenty:maple_sapling":44,"minecraft:slime_ball":128,"minecraft:stone_axe":1,"minecraft:chainmail_leggings":2,"minecraft:iron_helmet":2,"jdcoin:reliquia_de_jd_coin":195,"minecraft:black_wool":1,"minecraft:coal":65},"minecraft:used":{"minecraft:moss_block":6,"minecraft:moss_carpet":2,"cfm:oak_mail_box":1,"minecraft:writable_book":5,"minecraft:iron_shovel":220,"minecraft:ladder":8,"minecraft:poppy":6,"minecraft:chest":14,"minecraft:shield":111,"minecraft:stone":2,"minecraft:rotten_flesh":1,"minecraft:iron_chestplate":5,"minecraft:lily_of_the_valley":5,"minecraft:carrot":442,"minecraft:tuff":2,"minecraft:azure_bluet":1,"minecraft:obsidian":14,"minecraft:big_dripleaf":7,"minecraft:lava_bucket":31,"minecraft:bricks":4,"minecraft:grass_block":1,"minecraft:birch_sapling":2,"minecraft:iron_helmet":3,"minecraft:crimson_roots":1,"minecraft:stone_brick_stairs":2,"minecraft:stone_bricks":3,"cfm:spatula":70,"minecraft:written_book":7,"minecraft:oak_sapling":2,"minecraft:spruce_door":3,"framedblocks:framed_door":2,"minecraft:oak_planks":319,"minecraft:blue_bed":1,"minecraft:diamond_axe":233,"minecraft:golden_apple":3,"minecraft:white_wool":1,"minecraft:sand":3,"minecraft:light_blue_concrete":3,"minecraft:blast_furnace":4,"minecraft:gray_concrete":2,"minecraft:redstone_torch":1,"minecraft:lever":1,"minecraft:bread":3,"minecraft:string":2,"minecraft:iron_door":1,"minecraft:lilac":2,"securitycraft:mine":2,"minecraft:diamond_sword":677,"minecraft:grindstone":3,"minecraft:smithing_table":6,"minecraft:birch_log":4,"minecraft:andesite":2,"minecraft:white_concrete":14,"minecraft:bone_meal":3,"minecraft:stone_sword":9,"minecraft:flint_and_steel":1,"minecraft:armor_stand":2,"securitycraft:keypad_door_item":2,"minecraft:stone_hoe":31,"minecraft:netherrack":2,"minecraft:orange_bed":2,"minecraft:torch":164,"minecraft:dirt":269,"minecraft:cobblestone_wall":1,"minecraft:shulker_box":7,"minecraft:granite":2,"cfm:oak_bedside_cabinet":3,"minecraft:iron_block":1,"minecraft:iron_axe":644,"minecraft:iron_boots":3,"minecraft:diamond_chestplate":6,"minecraft:beef":27,"securitycraft:dirt_mine":10,"alexsmobs:banana":1,"minecraft:cobbled_deepslate":53,"minecraft:iron_leggings":2,"minecraft:wheat_seeds":12,"minecraft:water_bucket":30,"minecraft:light_blue_shulker_box":7,"framedblocks:framed_cube":11,"minecraft:cauldron":4,"minecraft:stonecutter":2,"minecraft:fletching_table":12,"refurbished_furniture:black_toilet":1,"minecraft:glow_item_frame":2,"securitycraft:cobblestone_mine":1,"minecraft:oak_slab":4,"minecraft:crafting_table":15,"minecraft:oak_log":19,"minecraft:black_wool":1,"minecraft:diamond_pickaxe":343,"refurbished_furniture:light_ceiling_light":20,"minecraft:iron_pickaxe":618,"minecraft:spruce_trapdoor":1,"minecraft:stone_axe":204,"minecraft:green_shulker_box":1,"minecraft:cobblestone":190,"minecraft:bucket":60,"alexsmobs:animal_dictionary":1,"minecraft:dandelion":5},"minecraft:killed_by":{"alexsmobs:warped_mosco":2,"minecraft:zombie":3,"minecraft:player":53,"alexsmobs:bald_eagle":1,"alexsmobs:centipede_head":1,"minecraft:skeleton":1},"minecraft:killed":{"minecraft:cave_spider":1,"minecraft:spider":14,"minecraft:skeleton":37,"minecraft:bee":1,"minecraft:chicken":1,"minecraft:silverfish":2,"alexsmobs:straddler":1,"alexsmobs:centipede_head":1,"minecraft:iron_golem":1,"alexsmobs:stradpole":1,"minecraft:creeper":4,"alexsmobs:crimson_mosquito":5,"minecraft:sheep":1,"minecraft:zombie":46,"alexsmobs:terrapin":1,"alexsmobs:roadrunner":1,"alexsmobs:raccoon":2,"alexsmobs:tasmanian_devil":4,"minecraft:phantom":2,"minecraft:squid":2,"alexsmobs:cockroach":1,"alexsmobs:crow":2,"minecraft:villager":1,"minecraft:enderman":1},"minecraft:custom":{"minecraft:interact_with_crafting_table":72,"minecraft:open_barrel":1,"minecraft:open_shulker_box":109,"minecraft:leave_game":14,"minecraft:time_since_death":8743,"minecraft:sprint_one_cm":1829040,"minecraft:damage_blocked_by_shield":4753,"minecraft:drop":557,"minecraft:talked_to_villager":57,"minecraft:play_time":747616,"minecraft:deaths":83,"minecraft:jump":14144,"minecraft:walk_on_water_one_cm":102647,"minecraft:interact_with_furnace":7,"minecraft:traded_with_villager":66,"minecraft:sleep_in_bed":9,"minecraft:damage_dealt":27905,"minecraft:player_kills":3,"minecraft:crouch_one_cm":16795,"minecraft:use_cauldron":4,"minecraft:interact_with_smithing_table":2,"minecraft:interact_with_anvil":1,"minecraft:mob_kills":144,"minecraft:fill_cauldron":4,"minecraft:damage_dealt_resisted":330,"minecraft:climb_one_cm":4242,"minecraft:walk_one_cm":1826329,"minecraft:damage_dealt_absorbed":128,"minecraft:sneak_time":7558,"minecraft:walk_under_water_one_cm":66131,"minecraft:boat_one_cm":31050,"minecraft:total_world_time":747616,"minecraft:time_since_rest":3575,"minecraft:damage_taken":29025,"minecraft:damage_absorbed":120,"minecraft:swim_one_cm":141045,"minecraft:fly_one_cm":2417638,"minecraft:open_chest":204,"minecraft:fall_one_cm":343502}},"DataVersion":3465}