{"stats":{"minecraft:broken":{"minecraft:iron_boots":1,"minecraft:iron_pickaxe":1,"minecraft:iron_helmet":1},"minecraft:crafted":{"minecraft:oak_planks":188,"minecraft:iron_boots":1,"framedblocks:framed_screwdriver":1,"minecraft:chest":4,"minecraft:stone_hoe":1,"minecraft:diamond_sword":1,"minecraft:crafting_table":2,"minecraft:iron_helmet":1,"framedblocks:framed_cube":4,"minecraft:shield":1,"minecraft:stick":40,"minecraft:iron_ingot":82,"minecraft:iron_pickaxe":2,"cfm:oak_bedside_cabinet":2,"minecraft:iron_leggings":1,"minecraft:torch":20,"minecraft:diamond_chestplate":1},"minecraft:mined":{"minecraft:tuff":5,"minecraft:deepslate_diamond_ore":1,"minecraft:sculk_vein":5,"minecraft:shulker_box":4,"minecraft:cave_vines_plant":7,"minecraft:grass_block":126,"minecraft:stone_brick_wall":1,"minecraft:white_concrete":4,"minecraft:moss_block":15,"minecraft:spawner":2,"minecraft:sculk_catalyst":2,"minecraft:glowstone":1,"minecraft:carrots":14,"biomesoplenty:palm_leaves":1,"minecraft:iron_ore":2,"minecraft:cobbled_deepslate":1,"biomesoplenty:violet":1,"minecraft:pumpkin":2,"minecraft:moss_carpet":2,"minecraft:deepslate_lapis_ore":2,"minecraft:big_dripleaf_stem":3,"minecraft:pointed_dripstone":1,"minecraft:cave_vines":16,"minecraft:deepslate_iron_ore":11,"minecraft:vine":3,"biomesoplenty:webbing":1,"minecraft:stripped_oak_log":1,"minecraft:azalea":10,"minecraft:stone":118,"minecraft:iron_block":9,"minecraft:white_wool":1,"minecraft:redstone_wall_torch":2,"minecraft:orange_bed":2,"minecraft:deepslate_redstone_ore":53,"minecraft:oak_slab":5,"framedblocks:framed_door":1,"minecraft:light_blue_shulker_box":2,"minecraft:flowering_azalea":11,"minecraft:dandelion":4,"minecraft:clay":2,"minecraft:crafting_table":1,"minecraft:torch":25,"biomesoplenty:black_sandstone":1,"minecraft:poppy":7,"minecraft:chest":1,"framedblocks:framed_cube":13,"minecraft:sculk_sensor":2,"minecraft:tall_grass":180,"minecraft:cobblestone":1,"minecraft:deepslate_gold_ore":23,"minecraft:oak_planks":4,"minecraft:bricks":4,"minecraft:sculk":65,"minecraft:wall_torch":26,"minecraft:big_dripleaf":14,"minecraft:cauldron":1,"minecraft:green_shulker_box":1,"minecraft:redstone_torch":1,"minecraft:lilac":1,"biomesoplenty:maple_leaves":1,"minecraft:black_wool":1,"minecraft:grass":227,"minecraft:oak_log":50,"minecraft:coal_ore":27,"minecraft:yellow_concrete":1,"minecraft:sunflower":1,"minecraft:gravel":12,"minecraft:dripstone_block":1,"minecraft:dirt":84,"biomesoplenty:stringy_cobweb":1,"minecraft:cobweb":19,"minecraft:small_dripleaf":6,"cfm:oak_bedside_cabinet":1,"minecraft:deepslate":22,"minecraft:oak_leaves":6,"minecraft:fern":6},"minecraft:used":{"minecraft:moss_block":6,"minecraft:moss_carpet":2,"minecraft:writable_book":5,"minecraft:stone_sword":9,"minecraft:iron_shovel":220,"minecraft:poppy":3,"minecraft:chest":4,"minecraft:shield":28,"minecraft:stone":2,"securitycraft:keypad_door_item":2,"minecraft:stone_hoe":31,"minecraft:rotten_flesh":1,"minecraft:orange_bed":2,"minecraft:torch":118,"minecraft:dirt":180,"minecraft:carrot":154,"minecraft:shulker_box":5,"minecraft:big_dripleaf":7,"minecraft:lava_bucket":14,"cfm:oak_bedside_cabinet":3,"minecraft:bricks":4,"minecraft:iron_helmet":2,"minecraft:iron_boots":3,"minecraft:diamond_chestplate":1,"minecraft:beef":27,"minecraft:written_book":6,"alexsmobs:banana":1,"minecraft:cobbled_deepslate":1,"minecraft:iron_leggings":1,"minecraft:light_blue_shulker_box":3,"minecraft:water_bucket":10,"framedblocks:framed_door":2,"minecraft:oak_planks":35,"framedblocks:framed_cube":11,"minecraft:cauldron":1,"minecraft:white_wool":1,"minecraft:glow_item_frame":2,"minecraft:oak_slab":4,"minecraft:crafting_table":2,"minecraft:redstone_torch":1,"minecraft:black_wool":1,"minecraft:iron_pickaxe":484,"minecraft:iron_door":1,"minecraft:stone_axe":187,"minecraft:diamond_sword":160,"minecraft:green_shulker_box":1,"minecraft:cobblestone":43,"minecraft:bucket":24,"alexsmobs:animal_dictionary":1,"minecraft:dandelion":1,"minecraft:white_concrete":2},"minecraft:killed_by":{"minecraft:player":17,"minecraft:zombie":1},"minecraft:custom":{"minecraft:interact_with_anvil":1,"minecraft:mob_kills":24,"minecraft:interact_with_crafting_table":21,"minecraft:open_barrel":1,"minecraft:fill_cauldron":3,"minecraft:open_shulker_box":82,"minecraft:leave_game":8,"minecraft:time_since_death":2127,"minecraft:climb_one_cm":348,"minecraft:sprint_one_cm":772451,"minecraft:walk_one_cm":860138,"minecraft:damage_blocked_by_shield":1640,"minecraft:drop":437,"minecraft:play_time":310235,"minecraft:sneak_time":1607,"minecraft:deaths":31,"minecraft:walk_under_water_one_cm":36468,"minecraft:boat_one_cm":31050,"minecraft:jump":5902,"minecraft:walk_on_water_one_cm":56632,"minecraft:total_world_time":310235,"minecraft:interact_with_furnace":6,"minecraft:sleep_in_bed":3,"minecraft:time_since_rest":2157,"minecraft:damage_taken":9990,"minecraft:damage_dealt":4823,"minecraft:player_kills":1,"minecraft:swim_one_cm":51914,"minecraft:fly_one_cm":1081699,"minecraft:open_chest":102,"minecraft:crouch_one_cm":6495,"minecraft:fall_one_cm":129939,"minecraft:use_cauldron":2},"minecraft:dropped":{"minecraft:blue_shulker_box":1,"minecraft:wheat_seeds":12,"minecraft:lapis_lazuli":8,"minecraft:oak_log":28,"minecraft:lilac":1,"minecraft:cobblestone":5,"framedblocks:framed_cube":3,"minecraft:green_shulker_box":1,"minecraft:stick":32,"minecraft:dirt":18,"minecraft:ink_sac":1,"immersive_aircraft:airship":1,"minecraft:writable_book":3,"minecraft:iron_pickaxe":1,"jdcoin:jd_coin":322,"minecraft:bone":8,"minecraft:moss_carpet":2,"minecraft:stone_axe":1,"minecraft:stone_sword":1,"alexsmobs:animal_dictionary":4,"minecraft:tuff":1,"minecraft:raw_iron":3,"minecraft:pointed_dripstone":1,"minecraft:rotten_flesh":8,"minecraft:clay_ball":4,"minecraft:oak_planks":28,"minecraft:glowstone_dust":2,"minecraft:salmon":1,"minecraft:carrot":88,"minecraft:diamond_sword":2,"man_of_many_planes:scarlet_biplane":1,"minecraft:spider_eye":1,"minecraft:arrow":5,"minecraft:raw_gold":18,"alexsmobs:banana":3,"immersive_aircraft:cargo_airship":1,"framedblocks:framed_screwdriver":1},"minecraft:picked_up":{"minecraft:crafting_table":1,"minecraft:clay_ball":8,"framedblocks:framed_door":63,"minecraft:diamond_sword":2,"minecraft:moss_carpet":4,"framedblocks:framed_cube":11,"alexsmobs:banana":5,"minecraft:cobbled_deepslate":23,"cfm:oak_bedside_cabinet":1,"minecraft:beef":64,"minecraft:redstone_torch":1,"minecraft:azalea":8,"minecraft:poppy":7,"minecraft:iron_pickaxe":1,"minecraft:blue_shulker_box":1,"minecraft:phantom_membrane":1,"minecraft:stick":18,"minecraft:raw_iron":35,"minecraft:stone":3,"minecraft:big_dripleaf":26,"minecraft:glow_item_frame":2,"minecraft:torch":127,"minecraft:pointed_dripstone":3,"minecraft:carrot":163,"minecraft:redstone":238,"alexsmobs:centipede_leg":1,"minecraft:cauldron":1,"minecraft:orange_bed":2,"minecraft:stone_sword":1,"minecraft:arrow":7,"minecraft:rotten_flesh":9,"minecraft:iron_block":9,"minecraft:glow_berries":5,"securitycraft:keypad_door_item":2,"minecraft:white_wool":1,"minecraft:cobblestone":122,"minecraft:stripped_oak_log":1,"minecraft:lilac":1,"minecraft:iron_door":1,"minecraft:salmon":2,"minecraft:flint":1,"minecraft:tuff":3,"minecraft:oak_log":78,"minecraft:lapis_lazuli":16,"minecraft:green_shulker_box":2,"minecraft:dirt":202,"minecraft:bone":11,"minecraft:wheat_seeds":46,"minecraft:raw_gold":40,"minecraft:glowstone_dust":2,"minecraft:moss_block":12,"jdcoin:jd_coin":808,"minecraft:flowering_azalea":11,"minecraft:oak_planks":144,"minecraft:oak_slab":4,"minecraft:pumpkin":1,"minecraft:dandelion":3,"minecraft:dripstone_block":1,"minecraft:gravel":11,"minecraft:lava_bucket":1,"minecraft:light_blue_shulker_box":3,"minecraft:ink_sac":1,"alexsmobs:animal_dictionary":3,"minecraft:spider_eye":1,"minecraft:shulker_box":5,"minecraft:slime_ball":128,"minecraft:diamond":11,"minecraft:stone_axe":1,"minecraft:writable_book":4,"minecraft:white_concrete":2,"minecraft:black_wool":1,"minecraft:bricks":4,"minecraft:coal":25},"minecraft:killed":{"alexsmobs:raccoon":1,"minecraft:spider":1,"minecraft:phantom":1,"minecraft:skeleton":7,"minecraft:chicken":1,"minecraft:squid":1,"minecraft:zombie":10}},"DataVersion":3465}