{"stats":{"minecraft:dropped":{"biomesoplenty:fir_log":2,"sophisticatedbackpacks:iron_backpack":1,"minecraft:blue_shulker_box":1,"sophisticatedbackpacks:stack_upgrade_tier_3":1,"minecraft:lapis_lazuli":8,"minecraft:oak_log":28,"minecraft:crafting_table":3,"immersive_aircraft:hull":1,"framedblocks:framed_cube":3,"minecraft:green_shulker_box":1,"minecraft:fletching_table":2,"securitycraft:cobblestone_mine":2,"jdcoin:reliquia_de_jd_coin":128,"minecraft:dirt":18,"immersive_aircraft:airship":1,"minecraft:writable_book":4,"minecraft:iron_pickaxe":2,"minecraft:bone":10,"securitycraft:remote_access_mine":2,"minecraft:stone_axe":1,"securitycraft:dirt_mine":1,"alexsmobs:animal_dictionary":4,"minecraft:pointed_dripstone":1,"minecraft:rotten_flesh":21,"securitycraft:taser":1,"minecraft:oak_planks":28,"minecraft:glowstone_dust":2,"sophisticatedbackpacks:diamond_backpack":2,"minecraft:salmon":2,"minecraft:carrot":88,"minecraft:chest":2,"minecraft:leather_leggings":2,"minecraft:arrow":13,"alexsmobs:banana":3,"immersive_aircraft:cargo_airship":1,"minecraft:netherrack":1,"minecraft:black_dye":1,"minecraft:wheat_seeds":12,"minecraft:lilac":1,"minecraft:tnt":7,"minecraft:cobblestone":11,"minecraft:spruce_door":2,"minecraft:stick":32,"minecraft:lava_bucket":1,"minecraft:ink_sac":1,"minecraft:torch":4,"minecraft:iron_axe":1,"minecraft:string":2,"jdcoin:jd_coin":2498,"minecraft:moss_carpet":2,"minecraft:stone_sword":1,"minecraft:tuff":1,"minecraft:raw_iron":3,"minecraft:clay_ball":4,"minecraft:shulker_box":1,"minecraft:diamond_sword":2,"minecraft:big_dripleaf":1,"alexsmobs:cockroach_wing_fragment":1,"man_of_many_planes:scarlet_biplane":1,"minecraft:spider_eye":1,"minecraft:bow":1,"minecraft:raw_gold":18,"framedblocks:framed_screwdriver":1},"minecraft:mined":{"securitycraft:mine":1,"minecraft:light_blue_concrete":4,"minecraft:sculk_vein":5,"minecraft:cave_vines_plant":7,"minecraft:grass_block":142,"minecraft:stone_brick_wall":1,"minecraft:white_concrete":19,"minecraft:polished_diorite":7,"minecraft:composter":1,"chipped:wide_lantern":1,"minecraft:spawner":2,"framedblocks:framed_fence":1,"minecraft:tall_seagrass":1,"minecraft:glowstone":3,"minecraft:sculk_catalyst":2,"biomesoplenty:palm_leaves":1,"minecraft:iron_ore":4,"minecraft:cobbled_deepslate":1,"biomesoplenty:violet":2,"minecraft:pumpkin":2,"minecraft:moss_carpet":2,"minecraft:fletching_table":6,"minecraft:deepslate_lapis_ore":2,"minecraft:azure_bluet":1,"biomesoplenty:hanging_cobweb":1,"minecraft:pointed_dripstone":1,"minecraft:cave_vines":16,"minecraft:water_cauldron":1,"biomesoplenty:webbing":2,"minecraft:azalea":10,"minecraft:iron_block":10,"minecraft:tripwire":1,"minecraft:orange_bed":2,"minecraft:deepslate_redstone_ore":53,"framedblocks:framed_door":1,"minecraft:red_bed":1,"minecraft:clay":2,"minecraft:torch":25,"biomesoplenty:black_sandstone":1,"minecraft:poppy":15,"minecraft:chest":6,"framedblocks:framed_cube":13,"minecraft:cobblestone":15,"minecraft:oak_planks":5,"minecraft:bricks":4,"minecraft:wall_torch":41,"minecraft:cauldron":1,"minecraft:birch_sapling":1,"minecraft:seagrass":3,"minecraft:birch_log":13,"minecraft:lilac":6,"biomesoplenty:fir_log":2,"biomesoplenty:maple_leaves":14,"minecraft:black_bed":2,"minecraft:tnt":1,"minecraft:stone_brick_stairs":1,"minecraft:grass":493,"minecraft:oak_log":199,"minecraft:sand":1,"minecraft:dirt":87,"minecraft:netherrack":1,"minecraft:oak_leaves":10,"minecraft:deepslate":22,"minecraft:tuff":5,"minecraft:deepslate_diamond_ore":1,"minecraft:shulker_box":7,"refurbished_furniture:black_toilet":1,"minecraft:spruce_leaves":1,"minecraft:moss_block":15,"minecraft:carrots":14,"minecraft:andesite":1,"minecraft:big_dripleaf_stem":3,"minecraft:gold_block":1,"minecraft:deepslate_iron_ore":11,"minecraft:vine":3,"minecraft:stripped_oak_log":1,"biomesoplenty:spider_egg":1,"minecraft:stone":126,"minecraft:white_wool":1,"minecraft:redstone_wall_torch":2,"minecraft:oak_slab":5,"minecraft:light_blue_shulker_box":7,"minecraft:flowering_azalea":11,"minecraft:gray_concrete":2,"minecraft:lily_of_the_valley":5,"minecraft:spruce_door":2,"minecraft:dandelion":9,"minecraft:crafting_table":8,"minecraft:emerald_ore":1,"minecraft:rose_bush":3,"minecraft:sculk_sensor":2,"minecraft:campfire":1,"minecraft:tall_grass":365,"biomesoplenty:sprout":20,"minecraft:deepslate_gold_ore":23,"minecraft:sculk":65,"minecraft:big_dripleaf":15,"cfm:oak_mail_box":1,"minecraft:green_shulker_box":1,"minecraft:redstone_torch":1,"minecraft:spruce_log":49,"minecraft:bee_nest":1,"securitycraft:dirt_mine":1,"minecraft:black_wool":1,"minecraft:coal_ore":27,"minecraft:dripstone_block":1,"minecraft:sunflower":3,"minecraft:gravel":12,"minecraft:yellow_concrete":1,"biomesoplenty:stringy_cobweb":2,"minecraft:cobweb":21,"minecraft:stone_bricks":4,"minecraft:small_dripleaf":6,"cfm:oak_bedside_cabinet":1,"minecraft:fern":13},"minecraft:crafted":{"minecraft:black_dye":2,"securitycraft:mine":3,"minecraft:oak_planks":728,"minecraft:iron_bars":16,"minecraft:diamond_helmet":1,"minecraft:diamond_leggings":1,"minecraft:bow":1,"minecraft:iron_boots":1,"immersive_aircraft:hull":1,"minecraft:chest":6,"minecraft:black_wool":1,"minecraft:stone_hoe":1,"minecraft:emerald":42,"minecraft:crafting_table":4,"minecraft:spruce_planks":188,"minecraft:iron_helmet":1,"minecraft:diamond_pickaxe":1,"minecraft:shield":1,"minecraft:stick":1466,"minecraft:iron_ingot":82,"minecraft:iron_pickaxe":2,"minecraft:gold_ingot":9,"minecraft:redstone_torch":1,"securitycraft:remote_access_mine":1,"cfm:spatula":1,"minecraft:iron_axe":2,"framedblocks:framed_screwdriver":1,"minecraft:diamond_boots":1,"minecraft:diamond_sword":1,"securitycraft:taser":1,"securitycraft:cobblestone_mine":1,"minecraft:air":0,"securitycraft:dirt_mine":1,"framedblocks:framed_cube":4,"cfm:oak_bedside_cabinet":2,"minecraft:iron_leggings":1,"minecraft:torch":20,"minecraft:diamond_chestplate":2},"minecraft:broken":{"minecraft:iron_boots":2,"minecraft:iron_leggings":2,"minecraft:stone_axe":1,"minecraft:diamond_chestplate":1,"minecraft:iron_axe":1,"minecraft:iron_pickaxe":1,"minecraft:iron_helmet":3},"minecraft:picked_up":{"minecraft:iron_chestplate":1,"minecraft:light_blue_concrete":2,"framedblocks:framed_door":93,"securitycraft:taser":1,"minecraft:diamond_sword":2,"minecraft:stone_brick_stairs":1,"minecraft:string":7,"minecraft:iron_leggings":1,"minecraft:armor_stand":2,"alexsmobs:blood_sac":6,"alexsmobs:banana":5,"minecraft:cobbled_deepslate":25,"cfm:oak_bedside_cabinet":1,"minecraft:redstone_torch":1,"minecraft:written_book":2,"minecraft:azalea":24,"minecraft:iron_pickaxe":4,"minecraft:stick":86,"minecraft:big_dripleaf":65,"minecraft:torch":204,"minecraft:pointed_dripstone":3,"jdcoin:vip":6,"alexsmobs:centipede_leg":5,"minecraft:cauldron":2,"securitycraft:remote_access_mine":2,"minecraft:orange_bed":2,"sophisticatedbackpacks:stack_upgrade_tier_3":2,"minecraft:stone_sword":1,"minecraft:rotten_flesh":50,"minecraft:iron_block":10,"minecraft:cobblestone":156,"minecraft:birch_log":13,"minecraft:lilac":3,"minecraft:iron_door":1,"minecraft:water_bucket":2,"minecraft:andesite":1,"minecraft:black_bed":1,"biomesoplenty:fir_log":2,"minecraft:flint":1,"minecraft:tuff":3,"minecraft:green_shulker_box":2,"minecraft:gray_concrete":2,"minecraft:lapis_lazuli":32,"minecraft:dirt":250,"minecraft:bone":18,"minecraft:bow":1,"minecraft:wheat_seeds":166,"securitycraft:cobblestone_mine":2,"minecraft:raw_gold":40,"minecraft:glowstone_dust":2,"minecraft:fletching_table":9,"minecraft:moss_block":24,"minecraft:stone_hoe":2,"jdcoin:jd_coin":1648,"minecraft:oak_planks":158,"securitycraft:mine":1,"minecraft:music_disc_13":2,"securitycraft:dirt_mine":2,"minecraft:sand":3,"minecraft:light_blue_shulker_box":8,"sophisticatedbackpacks:iron_backpack":1,"minecraft:ink_sac":3,"minecraft:lily_of_the_valley":3,"alexsmobs:animal_dictionary":3,"minecraft:shulker_box":9,"minecraft:diamond":77,"minecraft:lever":1,"minecraft:writable_book":4,"minecraft:golden_apple":2,"sophisticatedbackpacks:advanced_feeding_upgrade":1,"minecraft:white_concrete":14,"minecraft:emerald":13,"minecraft:netherrack":4,"minecraft:bricks":4,"minecraft:charcoal":130,"minecraft:crafting_table":10,"minecraft:azure_bluet":1,"minecraft:clay_ball":8,"minecraft:leather_leggings":2,"minecraft:gold_block":1,"jdcoin:tarjeta_de_credito":6,"minecraft:shield":1,"minecraft:moss_carpet":4,"minecraft:iron_axe":2,"cfm:oak_mail_box":1,"minecraft:iron_shovel":2,"framedblocks:framed_cube":11,"minecraft:beef":64,"minecraft:poppy":21,"minecraft:blue_shulker_box":1,"minecraft:chest":8,"minecraft:birch_sapling":2,"minecraft:phantom_membrane":1,"minecraft:raw_iron":41,"minecraft:stone":3,"minecraft:glow_item_frame":2,"minecraft:carrot":244,"minecraft:redstone":238,"minecraft:tnt":7,"minecraft:arrow":24,"minecraft:saddle":2,"minecraft:glow_berries":15,"securitycraft:keypad_door_item":2,"minecraft:white_wool":2,"minecraft:stripped_oak_log":1,"refurbished_furniture:black_toilet":1,"minecraft:salmon":3,"minecraft:oak_log":226,"minecraft:gunpowder":1,"minecraft:stone_bricks":3,"alexsmobs:cockroach_wing_fragment":3,"minecraft:iron_ingot":158,"minecraft:flowering_azalea":33,"sophisticatedbackpacks:diamond_backpack":3,"minecraft:oak_slab":4,"minecraft:pumpkin":1,"minecraft:dandelion":6,"minecraft:lava_bucket":2,"minecraft:gravel":11,"minecraft:dripstone_block":1,"refurbished_furniture:light_ceiling_light":20,"minecraft:spruce_log":47,"minecraft:spruce_door":3,"minecraft:spider_eye":4,"minecraft:slime_ball":128,"minecraft:stone_axe":1,"minecraft:chainmail_leggings":2,"minecraft:iron_helmet":2,"jdcoin:reliquia_de_jd_coin":195,"minecraft:black_wool":1,"minecraft:coal":65},"minecraft:used":{"minecraft:moss_block":6,"minecraft:moss_carpet":2,"cfm:oak_mail_box":1,"minecraft:writable_book":5,"minecraft:iron_shovel":220,"minecraft:poppy":6,"minecraft:chest":10,"minecraft:shield":93,"minecraft:stone":2,"minecraft:rotten_flesh":1,"minecraft:lily_of_the_valley":3,"minecraft:carrot":331,"minecraft:tuff":2,"minecraft:azure_bluet":1,"minecraft:big_dripleaf":7,"minecraft:lava_bucket":27,"minecraft:bricks":4,"minecraft:birch_sapling":2,"minecraft:iron_helmet":3,"minecraft:stone_brick_stairs":1,"minecraft:stone_bricks":3,"cfm:spatula":37,"minecraft:written_book":7,"minecraft:spruce_door":1,"framedblocks:framed_door":2,"minecraft:oak_planks":77,"minecraft:white_wool":1,"minecraft:golden_apple":2,"minecraft:sand":3,"minecraft:light_blue_concrete":3,"minecraft:gray_concrete":2,"minecraft:redstone_torch":1,"minecraft:lever":1,"minecraft:string":1,"minecraft:iron_door":1,"minecraft:lilac":2,"securitycraft:mine":2,"minecraft:diamond_sword":543,"minecraft:andesite":1,"minecraft:white_concrete":14,"minecraft:stone_sword":9,"minecraft:armor_stand":2,"securitycraft:keypad_door_item":2,"minecraft:stone_hoe":31,"minecraft:netherrack":2,"minecraft:orange_bed":2,"minecraft:torch":162,"minecraft:dirt":200,"minecraft:shulker_box":7,"cfm:oak_bedside_cabinet":3,"minecraft:iron_block":1,"minecraft:iron_axe":432,"minecraft:iron_boots":3,"minecraft:diamond_chestplate":1,"minecraft:beef":27,"securitycraft:dirt_mine":2,"alexsmobs:banana":1,"minecraft:cobbled_deepslate":3,"minecraft:iron_leggings":2,"minecraft:water_bucket":17,"minecraft:light_blue_shulker_box":7,"framedblocks:framed_cube":11,"minecraft:cauldron":1,"minecraft:fletching_table":5,"refurbished_furniture:black_toilet":1,"minecraft:glow_item_frame":2,"minecraft:oak_slab":4,"minecraft:crafting_table":10,"minecraft:black_wool":1,"refurbished_furniture:light_ceiling_light":20,"minecraft:iron_pickaxe":618,"minecraft:stone_axe":204,"minecraft:green_shulker_box":1,"minecraft:cobblestone":130,"minecraft:bucket":44,"alexsmobs:animal_dictionary":1,"minecraft:dandelion":5},"minecraft:killed_by":{"alexsmobs:warped_mosco":2,"minecraft:zombie":2,"minecraft:player":52,"alexsmobs:bald_eagle":1,"alexsmobs:centipede_head":1},"minecraft:killed":{"minecraft:cave_spider":1,"minecraft:spider":9,"minecraft:skeleton":21,"minecraft:bee":1,"minecraft:chicken":1,"alexsmobs:straddler":1,"alexsmobs:centipede_head":1,"alexsmobs:stradpole":1,"alexsmobs:crimson_mosquito":5,"minecraft:sheep":1,"minecraft:zombie":32,"alexsmobs:terrapin":1,"alexsmobs:roadrunner":1,"alexsmobs:raccoon":2,"alexsmobs:tasmanian_devil":4,"minecraft:phantom":2,"minecraft:squid":2,"alexsmobs:cockroach":1,"alexsmobs:crow":1},"minecraft:custom":{"minecraft:interact_with_crafting_table":47,"minecraft:open_barrel":1,"minecraft:open_shulker_box":109,"minecraft:leave_game":11,"minecraft:time_since_death":23266,"minecraft:sprint_one_cm":1351219,"minecraft:damage_blocked_by_shield":4073,"minecraft:drop":527,"minecraft:talked_to_villager":21,"minecraft:play_time":571202,"minecraft:deaths":77,"minecraft:jump":11251,"minecraft:walk_on_water_one_cm":86179,"minecraft:interact_with_furnace":7,"minecraft:traded_with_villager":42,"minecraft:sleep_in_bed":4,"minecraft:damage_dealt":18858,"minecraft:player_kills":3,"minecraft:crouch_one_cm":13827,"minecraft:use_cauldron":4,"minecraft:interact_with_anvil":1,"minecraft:mob_kills":99,"minecraft:fill_cauldron":4,"minecraft:damage_dealt_resisted":330,"minecraft:climb_one_cm":879,"minecraft:walk_one_cm":1418236,"minecraft:damage_dealt_absorbed":128,"minecraft:sneak_time":4735,"minecraft:walk_under_water_one_cm":62230,"minecraft:boat_one_cm":31050,"minecraft:total_world_time":571202,"minecraft:time_since_rest":23291,"minecraft:damage_taken":25368,"minecraft:damage_absorbed":80,"minecraft:swim_one_cm":125784,"minecraft:fly_one_cm":1990167,"minecraft:open_chest":178,"minecraft:fall_one_cm":253836}},"DataVersion":3465}