{"stats":{"minecraft:broken":{"minecraft:iron_boots":2,"minecraft:iron_leggings":1,"minecraft:stone_axe":1,"minecraft:iron_pickaxe":1,"minecraft:iron_helmet":3},"minecraft:crafted":{"minecraft:oak_planks":644,"minecraft:iron_boots":1,"minecraft:chest":6,"minecraft:stone_hoe":1,"minecraft:emerald":42,"minecraft:crafting_table":3,"minecraft:spruce_planks":188,"minecraft:iron_helmet":1,"minecraft:shield":1,"minecraft:stick":1438,"minecraft:iron_pickaxe":2,"minecraft:iron_ingot":82,"minecraft:iron_axe":1,"framedblocks:framed_screwdriver":1,"minecraft:diamond_sword":1,"minecraft:air":0,"framedblocks:framed_cube":4,"cfm:oak_bedside_cabinet":2,"minecraft:iron_leggings":1,"minecraft:torch":20,"minecraft:diamond_chestplate":1},"minecraft:mined":{"minecraft:light_blue_concrete":4,"minecraft:sculk_vein":5,"minecraft:cave_vines_plant":7,"minecraft:grass_block":126,"minecraft:stone_brick_wall":1,"minecraft:white_concrete":19,"minecraft:polished_diorite":7,"minecraft:composter":1,"chipped:wide_lantern":1,"minecraft:spawner":2,"framedblocks:framed_fence":1,"minecraft:sculk_catalyst":2,"minecraft:glowstone":3,"biomesoplenty:palm_leaves":1,"minecraft:iron_ore":4,"minecraft:cobbled_deepslate":1,"biomesoplenty:violet":1,"minecraft:pumpkin":2,"minecraft:moss_carpet":2,"minecraft:fletching_table":5,"minecraft:deepslate_lapis_ore":2,"minecraft:azure_bluet":1,"minecraft:pointed_dripstone":1,"minecraft:cave_vines":16,"minecraft:water_cauldron":1,"biomesoplenty:webbing":2,"minecraft:azalea":10,"minecraft:iron_block":9,"minecraft:tripwire":1,"minecraft:orange_bed":2,"minecraft:deepslate_redstone_ore":53,"framedblocks:framed_door":1,"minecraft:red_bed":1,"minecraft:clay":2,"minecraft:torch":25,"biomesoplenty:black_sandstone":1,"minecraft:poppy":11,"minecraft:chest":6,"framedblocks:framed_cube":13,"minecraft:cobblestone":11,"minecraft:oak_planks":4,"minecraft:bricks":4,"minecraft:wall_torch":41,"minecraft:cauldron":1,"minecraft:lilac":1,"biomesoplenty:maple_leaves":14,"minecraft:black_bed":2,"minecraft:grass":305,"minecraft:oak_log":165,"minecraft:sand":1,"minecraft:dirt":84,"minecraft:netherrack":1,"minecraft:oak_leaves":6,"minecraft:deepslate":22,"minecraft:tuff":5,"minecraft:deepslate_diamond_ore":1,"minecraft:shulker_box":7,"refurbished_furniture:black_toilet":1,"minecraft:moss_block":15,"minecraft:carrots":14,"minecraft:andesite":1,"minecraft:big_dripleaf_stem":3,"minecraft:deepslate_iron_ore":11,"minecraft:vine":3,"minecraft:stripped_oak_log":1,"minecraft:stone":123,"minecraft:white_wool":1,"minecraft:redstone_wall_torch":2,"minecraft:oak_slab":5,"minecraft:light_blue_shulker_box":7,"minecraft:flowering_azalea":11,"minecraft:gray_concrete":2,"minecraft:lily_of_the_valley":2,"minecraft:spruce_door":2,"minecraft:dandelion":5,"minecraft:crafting_table":3,"minecraft:sculk_sensor":2,"minecraft:tall_grass":238,"biomesoplenty:sprout":4,"minecraft:deepslate_gold_ore":23,"minecraft:sculk":65,"minecraft:big_dripleaf":14,"minecraft:green_shulker_box":1,"minecraft:redstone_torch":1,"minecraft:spruce_log":49,"minecraft:black_wool":1,"minecraft:coal_ore":27,"minecraft:dripstone_block":1,"minecraft:sunflower":1,"minecraft:gravel":12,"minecraft:yellow_concrete":1,"biomesoplenty:stringy_cobweb":1,"minecraft:cobweb":19,"minecraft:stone_bricks":4,"minecraft:small_dripleaf":6,"cfm:oak_bedside_cabinet":1,"minecraft:fern":8},"minecraft:used":{"minecraft:moss_block":6,"minecraft:moss_carpet":2,"minecraft:writable_book":5,"minecraft:iron_shovel":220,"minecraft:poppy":6,"minecraft:chest":10,"minecraft:shield":58,"minecraft:stone":2,"minecraft:rotten_flesh":1,"minecraft:lily_of_the_valley":2,"minecraft:carrot":185,"minecraft:tuff":2,"minecraft:azure_bluet":1,"minecraft:big_dripleaf":7,"minecraft:lava_bucket":16,"minecraft:bricks":4,"minecraft:iron_helmet":3,"minecraft:stone_bricks":3,"minecraft:written_book":6,"minecraft:spruce_door":1,"framedblocks:framed_door":2,"minecraft:oak_planks":36,"minecraft:white_wool":1,"minecraft:sand":1,"minecraft:light_blue_concrete":3,"minecraft:gray_concrete":2,"minecraft:redstone_torch":1,"minecraft:lever":1,"minecraft:string":1,"minecraft:iron_door":1,"minecraft:diamond_sword":265,"minecraft:andesite":1,"minecraft:white_concrete":14,"minecraft:stone_sword":9,"securitycraft:keypad_door_item":2,"minecraft:stone_hoe":31,"minecraft:netherrack":2,"minecraft:orange_bed":2,"minecraft:torch":161,"minecraft:dirt":181,"minecraft:shulker_box":7,"cfm:oak_bedside_cabinet":3,"minecraft:iron_axe":317,"minecraft:iron_boots":3,"minecraft:diamond_chestplate":1,"minecraft:beef":27,"alexsmobs:banana":1,"minecraft:cobbled_deepslate":3,"minecraft:iron_leggings":2,"minecraft:water_bucket":13,"minecraft:light_blue_shulker_box":7,"framedblocks:framed_cube":11,"minecraft:cauldron":1,"minecraft:fletching_table":4,"refurbished_furniture:black_toilet":1,"minecraft:glow_item_frame":2,"minecraft:oak_slab":4,"minecraft:crafting_table":5,"minecraft:black_wool":1,"minecraft:iron_pickaxe":550,"minecraft:stone_axe":204,"minecraft:green_shulker_box":1,"minecraft:cobblestone":125,"minecraft:bucket":28,"alexsmobs:animal_dictionary":1,"minecraft:dandelion":4},"minecraft:killed_by":{"alexsmobs:warped_mosco":2,"minecraft:zombie":1,"minecraft:player":42,"alexsmobs:centipede_head":1},"minecraft:custom":{"minecraft:interact_with_crafting_table":24,"minecraft:open_barrel":1,"minecraft:open_shulker_box":108,"minecraft:leave_game":10,"minecraft:time_since_death":592,"minecraft:sprint_one_cm":898485,"minecraft:damage_blocked_by_shield":2961,"minecraft:drop":490,"minecraft:talked_to_villager":20,"minecraft:play_time":423777,"minecraft:deaths":62,"minecraft:jump":7221,"minecraft:walk_on_water_one_cm":63553,"minecraft:interact_with_furnace":6,"minecraft:traded_with_villager":42,"minecraft:sleep_in_bed":3,"minecraft:damage_dealt":8345,"minecraft:player_kills":3,"minecraft:crouch_one_cm":11192,"minecraft:use_cauldron":4,"minecraft:mob_kills":41,"minecraft:interact_with_anvil":1,"minecraft:fill_cauldron":4,"minecraft:damage_dealt_resisted":72,"minecraft:climb_one_cm":879,"minecraft:walk_one_cm":1174077,"minecraft:damage_dealt_absorbed":40,"minecraft:sneak_time":3938,"minecraft:walk_under_water_one_cm":44129,"minecraft:boat_one_cm":31050,"minecraft:total_world_time":423777,"minecraft:time_since_rest":619,"minecraft:damage_taken":18135,"minecraft:swim_one_cm":55083,"minecraft:fly_one_cm":1217087,"minecraft:open_chest":138,"minecraft:fall_one_cm":151887},"minecraft:dropped":{"sophisticatedbackpacks:iron_backpack":1,"minecraft:blue_shulker_box":1,"sophisticatedbackpacks:stack_upgrade_tier_3":1,"minecraft:lapis_lazuli":8,"minecraft:oak_log":28,"minecraft:crafting_table":3,"framedblocks:framed_cube":3,"minecraft:green_shulker_box":1,"minecraft:fletching_table":2,"jdcoin:reliquia_de_jd_coin":128,"minecraft:dirt":18,"immersive_aircraft:airship":1,"minecraft:writable_book":4,"minecraft:iron_pickaxe":2,"minecraft:bone":8,"minecraft:stone_axe":1,"alexsmobs:animal_dictionary":4,"minecraft:pointed_dripstone":1,"minecraft:rotten_flesh":19,"minecraft:oak_planks":28,"minecraft:glowstone_dust":2,"minecraft:carrot":88,"minecraft:salmon":2,"sophisticatedbackpacks:diamond_backpack":2,"minecraft:chest":2,"minecraft:leather_leggings":2,"minecraft:arrow":5,"alexsmobs:banana":3,"immersive_aircraft:cargo_airship":1,"minecraft:wheat_seeds":12,"minecraft:lilac":1,"minecraft:cobblestone":11,"minecraft:spruce_door":2,"minecraft:stick":32,"minecraft:ink_sac":1,"minecraft:torch":4,"minecraft:iron_axe":1,"jdcoin:jd_coin":1794,"minecraft:moss_carpet":2,"minecraft:stone_sword":1,"minecraft:tuff":1,"minecraft:raw_iron":3,"minecraft:clay_ball":4,"minecraft:shulker_box":1,"minecraft:diamond_sword":2,"man_of_many_planes:scarlet_biplane":1,"minecraft:spider_eye":1,"minecraft:raw_gold":18,"framedblocks:framed_screwdriver":1},"minecraft:picked_up":{"minecraft:light_blue_concrete":2,"framedblocks:framed_door":93,"minecraft:diamond_sword":2,"minecraft:string":1,"minecraft:iron_leggings":1,"alexsmobs:banana":5,"minecraft:cobbled_deepslate":25,"cfm:oak_bedside_cabinet":1,"minecraft:redstone_torch":1,"minecraft:written_book":2,"minecraft:azalea":24,"minecraft:iron_pickaxe":4,"minecraft:stick":86,"minecraft:big_dripleaf":64,"minecraft:torch":204,"minecraft:pointed_dripstone":3,"jdcoin:vip":6,"alexsmobs:centipede_leg":5,"minecraft:cauldron":2,"minecraft:orange_bed":2,"sophisticatedbackpacks:stack_upgrade_tier_3":2,"minecraft:stone_sword":1,"minecraft:rotten_flesh":35,"minecraft:iron_block":9,"minecraft:cobblestone":139,"minecraft:lilac":1,"minecraft:iron_door":1,"minecraft:water_bucket":2,"minecraft:andesite":1,"minecraft:black_bed":1,"minecraft:flint":1,"minecraft:tuff":3,"minecraft:gray_concrete":2,"minecraft:green_shulker_box":2,"minecraft:lapis_lazuli":32,"minecraft:dirt":202,"minecraft:bone":12,"minecraft:wheat_seeds":128,"minecraft:raw_gold":40,"minecraft:glowstone_dust":2,"minecraft:fletching_table":8,"minecraft:moss_block":24,"jdcoin:jd_coin":1648,"minecraft:oak_planks":157,"minecraft:stone_hoe":2,"minecraft:music_disc_13":2,"minecraft:sand":2,"minecraft:light_blue_shulker_box":8,"sophisticatedbackpacks:iron_backpack":1,"minecraft:ink_sac":1,"minecraft:lily_of_the_valley":2,"alexsmobs:animal_dictionary":3,"minecraft:shulker_box":9,"minecraft:diamond":13,"minecraft:lever":1,"minecraft:writable_book":4,"sophisticatedbackpacks:advanced_feeding_upgrade":1,"minecraft:golden_apple":2,"minecraft:white_concrete":14,"minecraft:emerald":12,"minecraft:netherrack":3,"minecraft:bricks":4,"minecraft:charcoal":128,"minecraft:crafting_table":5,"minecraft:azure_bluet":1,"minecraft:clay_ball":8,"minecraft:leather_leggings":2,"jdcoin:tarjeta_de_credito":6,"minecraft:shield":1,"minecraft:moss_carpet":4,"minecraft:iron_axe":2,"minecraft:iron_shovel":2,"framedblocks:framed_cube":11,"minecraft:beef":64,"minecraft:poppy":18,"minecraft:blue_shulker_box":1,"minecraft:chest":8,"minecraft:phantom_membrane":1,"minecraft:raw_iron":41,"minecraft:stone":3,"minecraft:glow_item_frame":2,"minecraft:carrot":240,"minecraft:redstone":238,"minecraft:arrow":15,"minecraft:saddle":2,"minecraft:glow_berries":15,"securitycraft:keypad_door_item":2,"minecraft:white_wool":1,"minecraft:stripped_oak_log":1,"refurbished_furniture:black_toilet":1,"minecraft:salmon":3,"minecraft:oak_log":192,"minecraft:stone_bricks":3,"alexsmobs:cockroach_wing_fragment":2,"minecraft:iron_ingot":158,"minecraft:flowering_azalea":33,"sophisticatedbackpacks:diamond_backpack":3,"minecraft:oak_slab":4,"minecraft:pumpkin":1,"minecraft:dandelion":4,"minecraft:lava_bucket":1,"minecraft:dripstone_block":1,"minecraft:gravel":11,"minecraft:spruce_log":47,"minecraft:spruce_door":3,"minecraft:spider_eye":1,"minecraft:slime_ball":128,"minecraft:stone_axe":1,"minecraft:chainmail_leggings":2,"minecraft:iron_helmet":1,"jdcoin:reliquia_de_jd_coin":195,"minecraft:black_wool":1,"minecraft:coal":65},"minecraft:killed":{"minecraft:spider":1,"minecraft:skeleton":11,"minecraft:chicken":1,"alexsmobs:centipede_head":1,"minecraft:zombie":14,"alexsmobs:raccoon":2,"alexsmobs:tasmanian_devil":4,"minecraft:phantom":1,"minecraft:squid":1,"alexsmobs:cockroach":1,"alexsmobs:crow":1}},"DataVersion":3465}